date,ID,Day,T_T_TIME,T_TOTAL_DISTANCE,T_HIGH_INTENSITY_DISTANCE,T_SPRINT_DISTANCE,T_PLAYER_LOAD,T_HEART_RATE_EXERTION,T_ACC_DEC_LOAD,T_PEAK_SPEED,T_HRE_PL_LOAD,T_VOLUME_STATUS,T_INTENSITY_STATUS,T_VOLUME_RATIO,T_INTENSITY_RATIO,T_MONOTONY_VOLUME,T_MONOTONY_INTENSITY,Game,Result,Game_and_Result,Scorers,G_HI_IP_m,G_HI_IP_m_pc,G_HI_IP_m_min,G_HI_OP_m,G_HI_OP_m_pc,G_HI_OP_m_min,G_HID_m,G_HID_m_min,G_IP_mins,G_MINS,G_OP_mins,G_SPR_m,G_SPR_m_min,G_TD_m,G_TD_m_min,G_TD_IP_m,G_TD_IP_m_pc,G_TD_IP_m_min,G_TD_OP_m,G_TD_OP_m_pc,G_TD_OP_m_min,matchPeriods,GameYN,NDs,sleep,muscleSoreness,pExertion,wellbeing,ACUTE_LOAD,CHRONIC_LOAD,SQUAD_LOAD
30/06/2014,4,1,0,0,0,0,0,0,0,0,0,0,0,0,0,0,0,MANCHESTER CITY_H_League,L 0-2,MANCHESTER CITY_H_League L 0-2,,0,0,0,0,0,0,0,0,0,0,0,0,0,0,0,0,0,0,0,0,0,0,0,0,5.21,8,6,8.964314925,0,0,0
01/07/2014,4,2,64,8061,214,14,771,159,270,25,2.1,11,9,0,0,0,0,MANCHESTER CITY_H_League,L 0-2,MANCHESTER CITY_H_League L 0-2,,0,0,0,0,0,0,0,0,0,0,0,0,0,0,0,0,0,0,0,0,0,0,0,1,4.82,2,9,13.91449526,110,27,7
02/07/2014,4,3,50,4794,51,0,526,150,121,24,2.9,18,11,0,0,0,0,MANCHESTER CITY_H_League,L 0-2,MANCHESTER CITY_H_League L 0-2,,0,0,0,0,0,0,0,0,0,0,0,0,0,0,0,0,0,0,0,0,0,0,0,2,6.94,9,6,11.6937871,185,46,13
03/07/2014,4,4,0,0,0,0,0,0,0,0,0,18,11,0,0,0,0,MANCHESTER CITY_H_League,L 0-2,MANCHESTER CITY_H_League L 0-2,,0,0,0,0,0,0,0,0,0,0,0,0,0,0,0,0,0,0,0,0,0,0,0,3,5.76,1,1,12.68570281,185,46,13
04/07/2014,4,5,0,0,0,0,0,0,0,0,0,18,11,100,0,0,0,MANCHESTER CITY_H_League,L 0-2,MANCHESTER CITY_H_League L 0-2,,0,0,0,0,0,0,0,0,0,0,0,0,0,0,0,0,0,0,0,0,0,0,0,4,6.23,1,7,11.9671955,185,46,13
05/07/2014,4,6,0,0,0,0,0,0,0,0,0,18,11,100,0,0,0,MANCHESTER CITY_H_League,L 0-2,MANCHESTER CITY_H_League L 0-2,,0,0,0,0,0,0,0,0,0,0,0,0,0,0,0,0,0,0,0,0,0,0,0,5,6.91,8,1,11.61016566,185,46,13
06/07/2014,4,7,0,0,0,0,0,0,0,0,0,18,11,37,0,0.6,0.5,MANCHESTER CITY_H_League,L 0-2,MANCHESTER CITY_H_League L 0-2,,0,0,0,0,0,0,0,0,0,0,0,0,0,0,0,0,0,0,0,0,0,0,0,6,5.29,1,2,12.77190651,185,46,13
07/07/2014,4,8,66,5493,1111,732,649,135,230,28,2.1,26,55,30,0,0.8,0.5,MANCHESTER CITY_H_League,L 0-2,MANCHESTER CITY_H_League L 0-2,,0,0,0,0,0,0,0,0,0,0,0,0,0,0,0,0,0,0,0,0,0,0,0,7,6.09,8,8,8.940257392,278,69,64
08/07/2014,4,9,0,0,0,0,0,0,0,0,0,26,55,30,0,0.6,0.4,MANCHESTER CITY_H_League,L 0-2,MANCHESTER CITY_H_League L 0-2,,0,0,0,0,0,0,0,0,0,0,0,0,0,0,0,0,0,0,0,0,0,0,0,8,5.94,1,9,17.4439748,167,69,116
09/07/2014,4,10,66,5155,989,688,668,145,142,29,2.2,33,94,45,0,0.6,0.6,MANCHESTER CITY_H_League,L 0-2,MANCHESTER CITY_H_League L 0-2,,0,0,0,0,0,0,0,0,0,0,0,0,0,0,0,0,0,0,0,0,0,0,0,9,6.54,7,4,6.808815853,188,93,118
10/07/2014,4,11,94,3950,468,342,479,205,263,28,4.3,39,113,53,0,0.8,0.7,MANCHESTER CITY_H_League,L 0-2,MANCHESTER CITY_H_League L 0-2,,0,0,0,0,0,0,0,0,0,0,0,0,0,0,0,0,0,0,0,0,0,0,0,10,5.64,2,9,11.84689237,256,110,188
11/07/2014,4,12,0,0,0,0,0,0,0,0,0,39,113,53,0,0.8,0.7,MANCHESTER CITY_H_League,L 0-2,MANCHESTER CITY_H_League L 0-2,,0,0,0,0,0,0,0,0,0,0,0,0,0,0,0,0,0,0,0,0,0,0,0,11,5.98,3,3,21.28816966,256,110,252
12/07/2014,4,13,0,0,0,0,0,0,0,0,0,39,113,33,0,0.8,0.7,MANCHESTER CITY_H_League,L 0-2,MANCHESTER CITY_H_League L 0-2,,0,0,0,0,0,0,0,0,0,0,0,0,0,0,0,0,0,0,0,0,0,0,0,12,7.25,8,4,11.83130056,256,110,252
13/07/2014,4,14,79,2971,274,124,345,101,171,27,2.9,43,123,40,0.6,1,0.9,MANCHESTER CITY_H_League,L 0-2,MANCHESTER CITY_H_League L 0-2,,0,0,0,0,0,0,0,0,0,0,0,0,0,0,0,0,0,0,0,0,0,0,0,13,5.18,3,6,10.62473407,305,122,306
14/07/2014,4,15,82,3718,11,0,471,110,114,23,2.3,48,124,31,0.2,1,0.7,MANCHESTER CITY_H_League,L 0-2,MANCHESTER CITY_H_League L 0-2,,0,0,0,0,0,0,0,0,0,0,0,0,0,0,0,0,0,0,0,0,0,0,0,14,6.41,6,9,15.10459627,280,139,302
15/07/2014,4,16,0,0,0,0,0,0,0,0,0,37,115,26,0.1,1,0.7,MANCHESTER CITY_H_League,L 0-2,MANCHESTER CITY_H_League L 0-2,,0,0,0,0,0,0,0,0,0,0,0,0,0,0,0,0,0,0,0,0,0,0,0,15,6.35,1,2,15.6772888,280,139,293
16/07/2014,4,17,0,0,0,0,0,0,0,0,0,30,113,31,0.1,0.8,0.6,MANCHESTER CITY_H_League,L 0-2,MANCHESTER CITY_H_League L 0-2,,0,0,0,0,0,0,0,0,0,0,0,0,0,0,0,0,0,0,0,0,0,0,0,16,7.31,1,9,13.64739996,185,139,286
17/07/2014,4,18,90,4978,361,181,640,152,370,28,2.4,37,128,44,0.2,0.8,0.6,MANCHESTER CITY_H_League,L 0-2,MANCHESTER CITY_H_League L 0-2,,0,0,0,0,0,0,0,0,0,0,0,0,0,0,0,0,0,0,0,0,0,0,0,17,5.56,2,7,13.28629061,208,162,266
18/07/2014,4,19,49,2733,28,0,328,74,98,23,2.3,41,129,39,0.1,1,0.6,MANCHESTER CITY_H_League,L 0-2,MANCHESTER CITY_H_League L 0-2,,0,0,0,0,0,0,0,0,0,0,0,0,0,0,0,0,0,0,0,0,0,0,0,18,6.52,9,5,15.03723617,254,174,232
19/07/2014,4,20,0,0,0,0,0,0,0,0,0,41,129,27,0.1,1,0.6,MANCHESTER CITY_H_League,L 0-2,MANCHESTER CITY_H_League L 0-2,,0,0,0,0,0,0,0,0,0,0,0,0,0,0,0,0,0,0,0,0,0,0,0,19,7.07,3,4,14.0213845,254,174,232
20/07/2014,4,21,0,0,0,0,0,0,0,0,0,41,129,27,0.1,0.8,0.4,MANCHESTER CITY_H_League,L 0-2,MANCHESTER CITY_H_League L 0-2,,0,0,0,0,0,0,0,0,0,0,0,0,0,0,0,0,0,0,0,0,0,0,0,20,5.51,9,5,11.10427804,205,174,178
21/07/2014,4,22,90,4500,250,100,650,140,300,28,2.2,40,95,44,0.3,0.8,0.6,MANCHESTER CITY_H_League,L 0-2,MANCHESTER CITY_H_League L 0-2,,0,0,0,0,0,0,0,0,0,0,0,0,0,0,0,0,0,0,0,0,0,0,0,21,5.59,7,9,11.12171342,231,197,181
22/07/2014,4,23,68,3955,25,7,590,0,196,24,0,45,96,35,0.1,1,0.6,MANCHESTER CITY_H_League,L 0-2,MANCHESTER CITY_H_League L 0-2,,0,0,0,0,0,0,0,0,0,0,0,0,0,0,0,0,0,0,0,0,0,0,0,22,7.22,6,7,13.64539521,315,218,194
23/07/2014,4,24,0,0,0,0,0,0,0,0,0,38,56,32,0.2,1,0.6,MANCHESTER CITY_H_League,L 0-2,MANCHESTER CITY_H_League L 0-2,,0,0,0,0,0,0,0,0,0,0,0,0,0,0,0,0,0,0,0,0,0,0,0,23,5.74,1,3,15.59029156,315,218,194
24/07/2014,4,25,83,6295,995,671,672,83,299,28,1.2,41,77,51,0.7,1,0.5,MANCHESTER CITY_H_League,L 0-2,MANCHESTER CITY_H_League L 0-2,,0,0,0,0,0,0,0,0,0,0,0,0,0,0,0,0,0,0,0,0,0,0,0,24,6.5,3,2,12.10040122,320,242,194
25/07/2014,4,26,78,3799,388,245,512,78,175,27,1.5,47,93,56,0.7,1,0.6,MANCHESTER CITY_H_League,L 0-2,MANCHESTER CITY_H_League L 0-2,,0,0,0,0,0,0,0,0,0,0,0,0,0,0,0,0,0,0,0,0,0,0,0,25,5.8,4,9,12.8364551,346,260,221
26/07/2014,4,27,0,0,0,0,0,0,0,0,0,47,93,43,0.6,1,0.6,MANCHESTER CITY_H_League,L 0-2,MANCHESTER CITY_H_League L 0-2,,0,0,0,0,0,0,0,0,0,0,0,0,0,0,0,0,0,0,0,0,0,0,0,26,4.86,5,7,13.63841061,346,260,277
27/07/2014,4,28,0,0,0,0,0,0,0,0,0,42,82,34,0.7,1,0.6,MANCHESTER CITY_H_League,L 0-2,MANCHESTER CITY_H_League L 0-2,,0,0,0,0,0,0,0,0,0,0,0,0,0,0,0,0,0,0,0,0,0,0,0,27,5.39,5,5,13.19374024,346,260,277
28/07/2014,4,29,0,0,0,0,0,0,0,0,0,37,81,38,0.7,0.8,0.5,MANCHESTER CITY_H_League,L 0-2,MANCHESTER CITY_H_League L 0-2,,0,0,0,0,0,0,0,0,0,0,0,0,0,0,0,0,0,0,0,0,0,0,0,28,3.68,2,6,15.26002202,253,260,226
29/07/2014,4,30,87,2659,150,77,312,88,143,26,2.8,41,87,22,0.2,0.7,0.6,MANCHESTER CITY_H_League,L 0-2,MANCHESTER CITY_H_League L 0-2,,0,0,0,0,0,0,0,0,0,0,0,0,0,0,0,0,0,0,0,0,0,0,0,29,6.1,3,1,12.61853688,213,244,207
30/07/2014,4,31,81,5217,568,119,591,82,228,26,1.4,48,110,23,0.3,1,0.8,MANCHESTER CITY_H_League,L 0-2,MANCHESTER CITY_H_League L 0-2,,0,0,0,0,0,0,0,0,0,0,0,0,0,0,0,0,0,0,0,0,0,0,0,30,5.74,3,7,12.02095577,298,246,278
31/07/2014,4,32,0,0,0,0,0,0,0,0,0,41,96,27,0.3,0.8,0.7,MANCHESTER CITY_H_League,L 0-2,MANCHESTER CITY_H_League L 0-2,,0,0,0,0,0,0,0,0,0,0,0,0,0,0,0,0,0,0,0,0,0,0,0,31,5.83,9,8,13.01884407,202,246,233
01/08/2014,4,33,71,4102,5,0,516,71,251,21,1.4,43,95,39,0.3,0.8,0.5,MANCHESTER CITY_H_League,L 0-2,MANCHESTER CITY_H_League L 0-2,,0,0,0,0,0,0,0,0,0,0,0,0,0,0,0,0,0,0,0,0,0,0,0,32,5.93,6,4,12.49770608,202,265,226
02/08/2014,4,34,0,0,0,0,0,0,0,0,0,43,95,39,0.3,0.8,0.5,MANCHESTER CITY_H_League,L 0-2,MANCHESTER CITY_H_League L 0-2,,0,0,0,0,0,0,0,0,0,0,0,0,0,0,0,0,0,0,0,0,0,0,0,33,7.18,9,6,7.695638706,202,265,228
03/08/2014,4,35,0,0,0,0,0,0,0,0,0,43,95,31,0.2,0.8,0.5,MANCHESTER CITY_H_League,L 0-2,MANCHESTER CITY_H_League L 0-2,,0,0,0,0,0,0,0,0,0,0,0,0,0,0,0,0,0,0,0,0,0,0,0,34,5.81,8,3,13.20455067,202,265,285
04/08/2014,4,36,59,4255,23,0,512,60,225,23,1.2,43,86,28,0,1,0.5,MANCHESTER CITY_H_League,L 0-2,MANCHESTER CITY_H_League L 0-2,,0,0,0,0,0,0,0,0,0,0,0,0,0,0,0,0,0,0,0,0,0,0,0,35,6.95,2,6,11.42488598,275,260,309
05/08/2014,4,37,0,0,0,0,0,0,0,0,0,37,85,32,0,0.8,0.4,MANCHESTER CITY_H_League,L 0-2,MANCHESTER CITY_H_League L 0-2,,0,0,0,0,0,0,0,0,0,0,0,0,0,0,0,0,0,0,0,0,0,0,0,36,5.18,1,5,10.97001834,231,260,332
06/08/2014,4,38,0,0,0,0,0,0,0,0,0,37,85,16,0,0.6,0.5,MANCHESTER CITY_H_League,L 0-2,MANCHESTER CITY_H_League L 0-2,,0,0,0,0,0,0,0,0,0,0,0,0,0,0,0,0,0,0,0,0,0,0,0,37,5.3,1,6,13.80132684,146,236,263
07/08/2014,4,39,0,0,0,0,0,0,0,0,0,28,45,21,0,0.6,0.5,MANCHESTER CITY_H_League,L 0-2,MANCHESTER CITY_H_League L 0-2,,0,0,0,0,0,0,0,0,0,0,0,0,0,0,0,0,0,0,0,0,0,0,0,38,5.19,6,7,13.99494736,146,219,270
08/08/2014,4,40,133,9873,21,0,1089,0,333,24,0,37,30,54,0.1,0.5,0.6,MANCHESTER CITY_H_League,L 0-2,MANCHESTER CITY_H_League L 0-2,,0,0,0,0,0,0,0,0,0,0,0,0,0,0,0,0,0,0,0,0,0,0,0,39,6.12,9,4,12.89563198,228,258,307
09/08/2014,4,41,82,5797,630,457,681,148,276,28,2.2,45,56,49,0.5,0.7,0.4,MANCHESTER CITY_H_League,L 0-2,MANCHESTER CITY_H_League L 0-2,,0,0,0,0,0,0,0,0,0,0,0,0,0,0,0,0,0,0,0,0,0,0,0,40,4.76,4,2,12.53015858,326,282,311
10/08/2014,4,42,0,0,0,0,0,0,0,0,0,45,56,49,0.5,0.7,0.4,MANCHESTER CITY_H_League,L 0-2,MANCHESTER CITY_H_League L 0-2,,0,0,0,0,0,0,0,0,0,0,0,0,0,0,0,0,0,0,0,0,0,0,0,41,4.45,4,9,15.60992381,326,270,253
11/08/2014,4,43,0,0,0,0,0,0,0,0,0,45,56,49,0.5,0.6,0.4,MANCHESTER CITY_H_League,L 0-2,MANCHESTER CITY_H_League L 0-2,,0,0,0,0,0,0,0,0,0,0,0,0,0,0,0,0,0,0,0,0,0,0,0,42,4.96,3,6,12.59030848,252,253,234
12/08/2014,4,44,80,4631,48,7,525,81,135,25,1.5,48,51,60,0.5,0.7,0.4,MANCHESTER CITY_H_League,L 0-2,MANCHESTER CITY_H_League L 0-2,,0,0,0,0,0,0,0,0,0,0,0,0,0,0,0,0,0,0,0,0,0,0,0,43,5.25,5,6,12.82010895,327,272,239
13/08/2014,4,45,73,6871,189,0,760,124,230,24,1.6,50,36,49,0.9,1,0.5,MANCHESTER CITY_H_League,L 0-2,MANCHESTER CITY_H_League L 0-2,,0,0,0,0,0,0,0,0,0,0,0,0,0,0,0,0,0,0,0,0,0,0,0,44,6.25,6,2,12.80971696,436,299,332
14/08/2014,4,46,0,0,0,0,0,0,0,0,0,50,36,32,0.3,1,0.5,MANCHESTER CITY_H_League,L 0-2,MANCHESTER CITY_H_League L 0-2,,0,0,0,0,0,0,0,0,0,0,0,0,0,0,0,0,0,0,0,0,0,0,0,45,5.88,8,6,12.64348969,436,276,320
15/08/2014,4,47,81,5751,117,25,737,131,309,25,1.8,53,41,46,0.3,1,0.6,MANCHESTER CITY_H_League,L 0-2,MANCHESTER CITY_H_League L 0-2,,0,0,0,0,0,0,0,0,0,0,0,0,0,0,0,0,0,0,0,0,0,0,0,46,5.27,2,1,14.10505489,386,290,308
16/08/2014,4,48,0,0,0,0,0,0,0,0,0,53,41,46,0.3,0.8,0.7,MANCHESTER CITY_H_League,L 0-2,MANCHESTER CITY_H_League L 0-2,,0,0,0,0,0,0,0,0,0,0,0,0,0,0,0,0,0,0,0,0,0,0,0,47,5.45,4,3,10.51932693,288,290,293
17/08/2014,4,49,0,0,0,0,0,0,0,0,0,53,41,34,0.3,0.8,0.7,MANCHESTER CITY_H_League,L 0-2,MANCHESTER CITY_H_League L 0-2,,0,0,0,0,0,0,0,0,0,0,0,0,0,0,0,0,0,0,0,0,0,0,1,48,6.08,1,8,14.09934329,288,290,293
18/08/2014,4,50,50,4469,36,0,504,99,287,23,2,53,41,27,0.1,1,0.8,ASTON VILLA_A_League,D 0-0,ASTON VILLA_A_League D 0-0,,0,0,0,0,0,0,0,0,0,0,0,0,0,0,0,0,0,0,0,0,0,1,0,0,4.57,9,6,11.7743296,360,285,315
19/08/2014,4,51,69,5413,4,0,606,120,263,21,2,61,42,37,0.2,1,0.7,ASTON VILLA_A_League,D 0-0,ASTON VILLA_A_League D 0-0,,0,0,0,0,0,0,0,0,0,0,0,0,0,0,0,0,0,0,0,0,0,1,0,1,8.12,1,8,14.19599011,372,286,291
20/08/2014,4,52,0,0,0,0,0,0,0,0,0,61,42,23,0,0.8,0.5,ASTON VILLA_A_League,D 0-0,ASTON VILLA_A_League D 0-0,,0,0,0,0,0,0,0,0,0,0,0,0,0,0,0,0,0,0,0,0,0,1,0,2,5.9,4,6,14.65509503,263,286,196
21/08/2014,4,53,94,7087,557,283,806,121,409,27,1.5,71,64,34,0.4,1,0.5,ASTON VILLA_A_League,D 0-0,ASTON VILLA_A_League D 0-0,,0,0,0,0,0,0,0,0,0,0,0,0,0,0,0,0,0,0,0,0,0,1,0,3,6.15,6,3,14.68957014,379,291,275
22/08/2014,4,54,0,0,0,0,0,0,0,0,0,57,63,42,0.4,0.8,0.4,ASTON VILLA_A_League,D 0-0,ASTON VILLA_A_League D 0-0,,0,0,0,0,0,0,0,0,0,0,0,0,0,0,0,0,0,0,0,0,0,1,0,4,5.24,5,8,11.14812041,273,272,249
23/08/2014,4,55,0,0,0,0,0,0,0,0,0,48,38,37,0.6,0.8,0.4,ASTON VILLA_A_League,D 0-0,ASTON VILLA_A_League D 0-0,,0,0,0,0,0,0,0,0,0,0,0,0,0,0,0,0,0,0,0,0,0,1,1,5,5.63,4,5,15.7912489,273,272,204
24/08/2014,4,56,0,0,0,0,0,0,0,0,0,48,38,21,0.6,0.8,0.4,CRYSTAL PALACE_H_League,D 3-3,CRYSTAL PALACE_H_League D 3-3,Janmaat 37; Aarons 72; Williamson 87,0,0,0,0,0,0,0,0,0,0,0,0,0,0,0,0,0,0,0,0,0,2,0,0,4.41,9,9,11.53218932,273,272,217
25/08/2014,4,57,90,5464,22,0,652,120,242,23,1.8,56,39,32,0.6,0.8,0.4,CRYSTAL PALACE_H_League,D 3-3,CRYSTAL PALACE_H_League D 3-3,Janmaat 37; Aarons 72; Williamson 87,0,0,0,0,0,0,0,0,0,0,0,0,0,0,0,0,0,0,0,0,0,2,0,1,4.34,8,5,11.78590024,294,296,245
26/08/2014,4,58,0,0,0,0,0,0,0,0,0,50,37,16,0,0.6,0.4,CRYSTAL PALACE_H_League,D 3-3,CRYSTAL PALACE_H_League D 3-3,Janmaat 37; Aarons 72; Williamson 87,0,0,0,0,0,0,0,0,0,0,0,0,0,0,0,0,0,0,0,0,0,2,0,2,7.1,7,8,12.5816847,208,284,195
27/08/2014,4,59,0,0,0,0,0,0,0,0,0,40,29,19,0,0.6,0.4,CRYSTAL PALACE_H_League,D 3-3,CRYSTAL PALACE_H_League D 3-3,Janmaat 37; Aarons 72; Williamson 87,0,0,0,0,0,0,0,0,0,0,0,0,0,0,0,0,0,0,0,0,0,2,0,3,6.6,6,6,15.78220761,208,263,208
28/08/2014,4,60,73,5365,14,0,628,155,233,22,2.5,47,30,32,0,0.6,0.6,CRYSTAL PALACE_H_League,D 3-3,CRYSTAL PALACE_H_League D 3-3,Janmaat 37; Aarons 72; Williamson 87,0,0,0,0,0,0,0,0,0,0,0,0,0,0,0,0,0,0,0,0,0,2,0,4,5.79,2,7,14.14100931,182,286,191
29/08/2014,4,61,87,5792,23,13,682,88,132,26,1.3,47,26,49,0.1,0.8,0.8,CRYSTAL PALACE_H_League,D 3-3,CRYSTAL PALACE_H_League D 3-3,Janmaat 37; Aarons 72; Williamson 87,0,0,0,0,0,0,0,0,0,0,0,0,0,0,0,0,0,0,0,0,0,2,0,5,7.32,5,9,12.68491003,280,292,202
30/08/2014,4,62,0,0,0,0,0,0,0,0,0,47,26,33,0.1,0.8,0.8,CRYSTAL PALACE_H_League,D 3-3,CRYSTAL PALACE_H_League D 3-3,Janmaat 37; Aarons 72; Williamson 87,0,0,0,0,0,0,0,0,0,0,0,0,0,0,0,0,0,0,0,0,0,2,1,6,5.33,9,2,12.71538657,280,292,214
31/08/2014,4,63,0,0,0,0,0,0,0,0,0,47,26,33,0.1,0.8,0.8,SOUTHAMPTON_A_League,L 0-4,SOUTHAMPTON_A_League L 0-4,,0,0,0,0,0,0,0,0,0,0,0,0,0,0,0,0,0,0,0,0,0,3,0,0,5.59,5,6,14.30830389,280,292,201
01/09/2014,4,64,0,0,0,0,0,0,0,0,0,41,25,38,0.1,0.6,0.6,SOUTHAMPTON_A_League,L 0-4,SOUTHAMPTON_A_League L 0-4,,0,0,0,0,0,0,0,0,0,0,0,0,0,0,0,0,0,0,0,0,0,3,0,1,6.36,6,2,13.84230276,187,273,150
02/09/2014,4,65,92,7010,643,337,863,173,569,28,2,43,50,42,0.5,0.8,0.4,SOUTHAMPTON_A_League,L 0-4,SOUTHAMPTON_A_League L 0-4,,0,0,0,0,0,0,0,0,0,0,0,0,0,0,0,0,0,0,0,0,0,3,0,2,4.39,3,7,13.44543638,310,304,202
03/09/2014,4,66,60,3000,0,0,300,100,50,16,3.3,48,50,30,0.5,1,0.4,SOUTHAMPTON_A_League,L 0-4,SOUTHAMPTON_A_League L 0-4,,0,0,0,0,0,0,0,0,0,0,0,0,0,0,0,0,0,0,0,0,0,3,0,3,5.44,8,6,14.42777847,353,315,209
04/09/2014,4,67,80,4506,11,7,587,120,228,24,2,44,28,47,0.9,1,0.4,SOUTHAMPTON_A_League,L 0-4,SOUTHAMPTON_A_League L 0-4,,0,0,0,0,0,0,0,0,0,0,0,0,0,0,0,0,0,0,0,0,0,3,0,4,6.48,6,9,13.07735511,347,336,187
05/09/2014,4,68,0,0,0,0,0,0,0,0,0,44,28,47,0.9,0.7,0.4,SOUTHAMPTON_A_League,L 0-4,SOUTHAMPTON_A_League L 0-4,,0,0,0,0,0,0,0,0,0,0,0,0,0,0,0,0,0,0,0,0,0,3,0,5,6.72,7,9,10.37685557,250,297,128
06/09/2014,4,69,0,0,0,0,0,0,0,0,0,44,28,47,0.9,0.7,0.4,SOUTHAMPTON_A_League,L 0-4,SOUTHAMPTON_A_League L 0-4,,0,0,0,0,0,0,0,0,0,0,0,0,0,0,0,0,0,0,0,0,0,3,0,6,5.83,8,5,11.76249522,250,273,115
07/09/2014,4,70,0,0,0,0,0,0,0,0,0,44,28,24,0,0.7,0.4,SOUTHAMPTON_A_League,L 0-4,SOUTHAMPTON_A_League L 0-4,,0,0,0,0,0,0,0,0,0,0,0,0,0,0,0,0,0,0,0,0,0,3,0,7,6.5,7,3,14.07475677,250,273,115
08/09/2014,4,71,61,5882,59,12,670,133,296,26,2,45,30,33,0.1,1,0.4,SOUTHAMPTON_A_League,L 0-4,SOUTHAMPTON_A_League L 0-4,,0,0,0,0,0,0,0,0,0,0,0,0,0,0,0,0,0,0,0,0,0,3,0,8,4.79,6,6,14.82751111,345,297,151
09/09/2014,4,72,91,7502,420,302,894,160,326,30,1.8,55,46,34,0.4,1,0.4,SOUTHAMPTON_A_League,L 0-4,SOUTHAMPTON_A_League L 0-4,,0,0,0,0,0,0,0,0,0,0,0,0,0,0,0,0,0,0,0,0,0,3,0,9,5.73,5,9,12.53643904,350,310,142
10/09/2014,4,73,0,0,0,0,0,0,0,0,0,55,46,34,0.4,0.8,0.4,SOUTHAMPTON_A_League,L 0-4,SOUTHAMPTON_A_League L 0-4,,0,0,0,0,0,0,0,0,0,0,0,0,0,0,0,0,0,0,0,0,0,3,0,10,5.9,2,8,16.05000692,307,283,122
11/09/2014,4,74,70,6364,82,24,806,175,377,27,2.2,57,49,49,0.5,0.8,0.5,SOUTHAMPTON_A_League,L 0-4,SOUTHAMPTON_A_League L 0-4,,0,0,0,0,0,0,0,0,0,0,0,0,0,0,0,0,0,0,0,0,0,3,0,11,6.54,2,8,10.62108481,338,311,141
12/09/2014,4,75,51,3584,11,0,470,89,164,22,1.9,54,49,62,0.5,1,0.5,SOUTHAMPTON_A_League,L 0-4,SOUTHAMPTON_A_League L 0-4,,0,0,0,0,0,0,0,0,0,0,0,0,0,0,0,0,0,0,0,0,0,3,0,12,6.81,3,6,12.60880368,405,302,180
13/09/2014,4,76,0,0,0,0,0,0,0,0,0,54,49,46,0.4,1,0.5,SOUTHAMPTON_A_League,L 0-4,SOUTHAMPTON_A_League L 0-4,,0,0,0,0,0,0,0,0,0,0,0,0,0,0,0,0,0,0,0,0,0,3,1,13,6.12,1,5,13.18119946,405,302,184
14/09/2014,4,77,0,0,0,0,0,0,0,0,0,54,49,26,0.1,1,0.5,HULL CITY_H_League,D 2-2,HULL CITY_H_League D 2-2,"Cisse 72, 86",0,0,0,0,0,0,0,0,0,0,0,0,0,0,0,0,0,0,0,0,0,4,0,0,5.53,6,2,14.50693387,405,302,184
15/09/2014,4,78,53,3793,7,0,543,108,189,22,2,59,49,33,0.1,1,0.5,HULL CITY_H_League,D 2-2,HULL CITY_H_League D 2-2,"Cisse 72, 86",0,0,0,0,0,0,0,0,0,0,0,0,0,0,0,0,0,0,0,0,0,4,0,1,5.55,6,9,14.17124228,387,303,170
16/09/2014,4,79,0,0,0,0,0,0,0,0,0,49,23,21,0,0.8,0.5,HULL CITY_H_League,D 2-2,HULL CITY_H_League D 2-2,"Cisse 72, 86",0,0,0,0,0,0,0,0,0,0,0,0,0,0,0,0,0,0,0,0,0,4,0,2,6.81,2,5,18.27244562,259,282,195
17/09/2014,4,80,0,0,0,0,0,0,0,0,0,45,23,12,0,0.8,0.5,HULL CITY_H_League,D 2-2,HULL CITY_H_League D 2-2,"Cisse 72, 86",0,0,0,0,0,0,0,0,0,0,0,0,0,0,0,0,0,0,0,0,0,4,0,3,6.52,5,8,11.67004483,259,282,195
18/09/2014,4,81,79,5832,148,44,690,158,316,26,2.3,47,29,29,0.2,0.8,0.4,HULL CITY_H_League,D 2-2,HULL CITY_H_League D 2-2,"Cisse 72, 86",0,0,0,0,0,0,0,0,0,0,0,0,0,0,0,0,0,0,0,0,0,4,0,4,5.98,9,9,13.53396674,243,278,200
19/09/2014,4,82,58,4080,6,0,538,83,276,21,1.5,52,29,37,0.2,0.8,0.4,HULL CITY_H_League,D 2-2,HULL CITY_H_League D 2-2,"Cisse 72, 86",0,0,0,0,0,0,0,0,0,0,0,0,0,0,0,0,0,0,0,0,0,4,0,5,5.36,2,9,15.10098959,253,297,206
20/09/2014,4,83,0,0,0,0,0,0,0,0,0,52,29,27,0.2,0.8,0.4,HULL CITY_H_League,D 2-2,HULL CITY_H_League D 2-2,"Cisse 72, 86",0,0,0,0,0,0,0,0,0,0,0,0,0,0,0,0,0,0,0,0,0,4,1,6,5.82,2,8,16.19466989,253,297,203
21/09/2014,4,84,0,0,0,0,0,0,0,0,0,52,29,27,0.2,0.8,0.4,STOKE CITY_A_League,L 0-1,STOKE CITY_A_League L 0-1,,0,0,0,0,0,0,0,0,0,0,0,0,0,0,0,0,0,0,0,0,0,5,0,0,4.31,6,6,12.64695976,253,297,203
22/09/2014,4,85,58,5068,114,17,642,126,199,25,2,51,31,41,0.3,0.8,0.6,STOKE CITY_A_League,L 0-1,STOKE CITY_A_League L 0-1,,0,0,0,0,0,0,0,0,0,0,0,0,0,0,0,0,0,0,0,0,0,5,0,1,5.11,8,5,14.93375935,267,296,200
23/09/2014,4,86,67,5967,150,21,646,67,299,25,1,49,21,44,0.5,1,0.8,STOKE CITY_A_League,L 0-1,STOKE CITY_A_League L 0-1,,0,0,0,0,0,0,0,0,0,0,0,0,0,0,0,0,0,0,0,0,0,5,0,2,7.62,4,4,16.40444551,359,319,185
24/09/2014,4,87,0,0,0,0,0,0,0,0,0,49,21,32,0.5,1,0.8,STOKE CITY_A_League,L 0-1,STOKE CITY_A_League L 0-1,,0,0,0,0,0,0,0,0,0,0,0,0,0,0,0,0,0,0,0,0,0,5,0,3,6.14,9,2,8.84722933,359,319,185
25/09/2014,4,88,92,7052,26,7,837,288,354,25,3.4,50,18,51,0.6,1,0.7,STOKE CITY_A_League,L 0-1,STOKE CITY_A_League L 0-1,,0,0,0,0,0,0,0,0,0,0,0,0,0,0,0,0,0,0,0,0,0,5,0,4,9.06,4,8,15.5070337,380,327,171
26/09/2014,4,89,0,0,0,0,0,0,0,0,0,45,18,57,0.6,0.8,0.7,STOKE CITY_A_League,L 0-1,STOKE CITY_A_League L 0-1,,0,0,0,0,0,0,0,0,0,0,0,0,0,0,0,0,0,0,0,0,0,5,0,5,6.89,4,1,11.56499605,303,303,125
27/09/2014,4,90,101,8324,393,185,991,282,563,29,2.8,57,34,53,0.7,1,0.7,STOKE CITY_A_League,L 0-1,STOKE CITY_A_League L 0-1,,0,0,0,0,0,0,0,0,0,0,0,0,0,0,0,0,0,0,0,0,0,5,0,6,7.8,2,8,15.78186445,445,338,200
28/09/2014,4,91,90,7334,209,69,792,0,373,28,0,67,42,48,0.6,1.4,0.9,STOKE CITY_A_League,L 0-1,STOKE CITY_A_League L 0-1,,0,0,0,0,0,0,0,0,0,0,0,0,0,0,0,0,0,0,0,0,0,5,0,7,5.28,2,2,15.0664119,558,366,242
29/09/2014,4,92,0,0,0,0,0,0,0,0,0,62,42,52,0.6,1.1,0.7,STOKE CITY_A_League,L 0-1,STOKE CITY_A_League L 0-1,,0,0,0,0,0,0,0,0,0,0,0,0,0,0,0,0,0,0,0,0,0,5,1,8,4.44,5,1,14.61247838,466,366,224
30/09/2014,4,93,90,8729,388,149,944,0,357,28,0,74,57,47,0.7,1.1,0.8,SWANSEA CITY_A_League,D 2-2,SWANSEA CITY_A_League D 2-2,"Cisse 42, 74",0,0,0,0,0,0,0,0,0,0,0,0,0,0,0,0,0,0,0,0,0,6,0,0,5.41,7,8,13.64046821,509,369,208
01/10/2014,4,94,0,0,0,0,0,0,0,0,0,74,57,47,0.7,1.1,0.8,SWANSEA CITY_A_League,D 2-2,SWANSEA CITY_A_League D 2-2,"Cisse 42, 74",0,0,0,0,0,0,0,0,0,0,0,0,0,0,0,0,0,0,0,0,0,6,0,1,4.63,9,5,11.29758482,509,358,208
02/10/2014,4,95,79,7017,173,14,763,79,308,25,1,76,58,43,0.5,1.1,0.9,SWANSEA CITY_A_League,D 2-2,SWANSEA CITY_A_League D 2-2,"Cisse 42, 74",0,0,0,0,0,0,0,0,0,0,0,0,0,0,0,0,0,0,0,0,0,6,0,2,4.71,1,5,16.11597019,498,365,239
03/10/2014,4,96,54,5039,68,13,597,55,266,25,0.9,77,60,38,0.4,1.4,1.1,SWANSEA CITY_A_League,D 2-2,SWANSEA CITY_A_League D 2-2,"Cisse 42, 74",0,0,0,0,0,0,0,0,0,0,0,0,0,0,0,0,0,0,0,0,0,6,0,3,7.41,5,4,13.36278591,583,386,286
04/10/2014,4,97,0,0,0,0,0,0,0,0,0,77,60,38,0.4,1,0.8,SWANSEA CITY_A_League,D 2-2,SWANSEA CITY_A_League D 2-2,"Cisse 42, 74",0,0,0,0,0,0,0,0,0,0,0,0,0,0,0,0,0,0,0,0,0,6,1,4,7.09,9,9,12.99843977,442,386,211
05/10/2014,4,98,0,0,0,0,0,0,0,0,0,77,60,22,0.2,0.8,0.6,LEICESTER CITY_H_League,W 1-0,LEICESTER CITY_H_League W 1-0,Obertan 70,0,0,0,0,0,0,0,0,0,0,0,0,0,0,0,0,0,0,0,0,0,7,0,0,6.37,6,5,14.3981691,329,386,169
06/10/2014,4,99,60,3832,8,4,414,102,187,24,2.5,75,56,30,0.2,1,0.6,LEICESTER CITY_H_League,W 1-0,LEICESTER CITY_H_League W 1-0,Obertan 70,0,0,0,0,0,0,0,0,0,0,0,0,0,0,0,0,0,0,0,0,0,7,0,1,6.05,7,4,13.97050585,388,377,172
07/10/2014,4,100,75,11452,331,166,1163,117,454,30,1,83,63,35,0.3,0.9,0.7,LEICESTER CITY_H_League,W 1-0,LEICESTER CITY_H_League W 1-0,Obertan 70,0,0,0,0,0,0,0,0,0,0,0,0,0,0,0,0,0,0,0,0,0,7,0,2,5.41,7,9,8.609432235,419,387,175
08/10/2014,4,101,0,0,0,0,0,0,0,0,0,83,63,26,0.2,0.9,0.7,LEICESTER CITY_H_League,W 1-0,LEICESTER CITY_H_League W 1-0,Obertan 70,0,0,0,0,0,0,0,0,0,0,0,0,0,0,0,0,0,0,0,0,0,7,0,3,6.32,7,3,11.98112449,419,387,187
09/10/2014,4,102,79,7647,198,84,828,131,401,28,1.6,84,70,39,0.3,0.9,0.7,LEICESTER CITY_H_League,W 1-0,LEICESTER CITY_H_League W 1-0,Obertan 70,0,0,0,0,0,0,0,0,0,0,0,0,0,0,0,0,0,0,0,0,0,7,0,4,6.75,5,2,15.37699962,428,387,156
10/10/2014,4,103,0,0,0,0,0,0,0,0,0,84,70,39,0.3,0.7,0.6,LEICESTER CITY_H_League,W 1-0,LEICESTER CITY_H_League W 1-0,Obertan 70,0,0,0,0,0,0,0,0,0,0,0,0,0,0,0,0,0,0,0,0,0,7,0,5,5.41,6,2,10.0821066,343,371,109
11/10/2014,4,104,0,0,0,0,0,0,0,0,0,72,55,37,0.4,0.7,0.6,LEICESTER CITY_H_League,W 1-0,LEICESTER CITY_H_League W 1-0,Obertan 70,0,0,0,0,0,0,0,0,0,0,0,0,0,0,0,0,0,0,0,0,0,7,0,6,3.64,3,4,14.78518875,343,371,109
12/10/2014,4,105,0,0,0,0,0,0,0,0,0,62,46,17,0.2,0.7,0.6,LEICESTER CITY_H_League,W 1-0,LEICESTER CITY_H_League W 1-0,Obertan 70,0,0,0,0,0,0,0,0,0,0,0,0,0,0,0,0,0,0,0,0,0,7,0,7,4.22,1,8,14.99804381,343,371,109
13/10/2014,4,106,75,5964,42,0,736,160,322,22,2.2,70,48,27,0.2,0.8,0.6,LEICESTER CITY_H_League,W 1-0,LEICESTER CITY_H_League W 1-0,Obertan 70,0,0,0,0,0,0,0,0,0,0,0,0,0,0,0,0,0,0,0,0,0,7,0,8,5.31,1,8,15.7917273,389,377,136
14/10/2014,4,107,98,6718,134,11,832,171,482,24,2.1,67,38,27,0.2,0.8,0.7,LEICESTER CITY_H_League,W 1-0,LEICESTER CITY_H_League W 1-0,Obertan 70,0,0,0,0,0,0,0,0,0,0,0,0,0,0,0,0,0,0,0,0,0,7,0,9,7.87,3,9,12.79422611,342,407,149
15/10/2014,4,108,0,0,0,0,0,0,0,0,0,67,38,27,0.2,0.8,0.7,LEICESTER CITY_H_League,W 1-0,LEICESTER CITY_H_League W 1-0,Obertan 70,0,0,0,0,0,0,0,0,0,0,0,0,0,0,0,0,0,0,0,0,0,7,0,10,7.7,8,8,9.941934421,342,407,140
16/10/2014,4,109,78,6227,100,24,677,137,421,26,2,66,35,40,0.3,0.8,0.7,LEICESTER CITY_H_League,W 1-0,LEICESTER CITY_H_League W 1-0,Obertan 70,0,0,0,0,0,0,0,0,0,0,0,0,0,0,0,0,0,0,0,0,0,7,0,11,6.85,4,9,16.55517251,320,407,150
17/10/2014,4,110,58,3786,26,0,435,77,201,23,1.8,64,33,50,0.4,1,0.8,LEICESTER CITY_H_League,W 1-0,LEICESTER CITY_H_League W 1-0,Obertan 70,0,0,0,0,0,0,0,0,0,0,0,0,0,0,0,0,0,0,0,0,0,7,0,12,8.46,8,5,7.744104849,382,403,194
18/10/2014,4,111,0,0,0,0,0,0,0,0,0,64,33,37,0.3,1,0.8,LEICESTER CITY_H_League,W 1-0,LEICESTER CITY_H_League W 1-0,Obertan 70,0,0,0,0,0,0,0,0,0,0,0,0,0,0,0,0,0,0,0,0,0,7,1,13,7.99,3,4,13.68023155,382,403,194
19/10/2014,4,112,45,3000,0,0,300,100,150,20,3.3,69,33,27,0.2,1.3,0.8,TOTTENHAM HOTSPUR_A_League,W 2-1,TOTTENHAM HOTSPUR_A_League W 2-1,Ameobi 45; tbc 57,0,0,0,0,0,0,0,0,0,0,0,0,0,0,0,0,0,0,0,0,0,8,0,0,5.35,9,1,10.9024912,425,414,200
20/10/2014,4,113,90,11584,800,345,0,0,0,30,0,80,65,44,0.6,1.1,0.5,TOTTENHAM HOTSPUR_A_League,W 2-1,TOTTENHAM HOTSPUR_A_League W 2-1,Ameobi 45; tbc 57,0,0,0,0,0,0,0,0,0,0,0,0,0,0,0,0,0,0,0,0,0,8,0,1,6.07,6,4,13.06474738,320,391,165
21/10/2014,4,114,0,0,0,0,0,0,0,0,0,64,52,41,0.6,0.8,0.4,TOTTENHAM HOTSPUR_A_League,W 2-1,TOTTENHAM HOTSPUR_A_League W 2-1,Ameobi 45; tbc 57,0,0,0,0,0,0,0,0,0,0,0,0,0,0,0,0,0,0,0,0,0,8,0,2,4.74,9,7,9.97515013,201,368,160
22/10/2014,4,115,82,7128,183,30,782,83,266,27,1.1,74,59,42,0.7,1.1,0.5,TOTTENHAM HOTSPUR_A_League,W 2-1,TOTTENHAM HOTSPUR_A_League W 2-1,Ameobi 45; tbc 57,0,0,0,0,0,0,0,0,0,0,0,0,0,0,0,0,0,0,0,0,0,8,0,3,6.48,2,6,15.37956601,313,396,225
23/10/2014,4,116,0,0,0,0,0,0,0,0,0,63,51,49,0.8,0.8,0.5,TOTTENHAM HOTSPUR_A_League,W 2-1,TOTTENHAM HOTSPUR_A_League W 2-1,Ameobi 45; tbc 57,0,0,0,0,0,0,0,0,0,0,0,0,0,0,0,0,0,0,0,0,0,8,0,4,5.75,3,6,14.5570109,216,366,166
24/10/2014,4,117,63,5755,101,0,672,123,326,23,1.8,71,55,49,0.8,0.9,0.5,TOTTENHAM HOTSPUR_A_League,W 2-1,TOTTENHAM HOTSPUR_A_League W 2-1,Ameobi 45; tbc 57,0,0,0,0,0,0,0,0,0,0,0,0,0,0,0,0,0,0,0,0,0,8,0,5,6.27,8,2,13.7488806,250,390,178
25/10/2014,4,118,50,3086,52,21,384,50,179,26,1.3,75,57,30,0.2,1.1,0.6,TOTTENHAM HOTSPUR_A_League,W 2-1,TOTTENHAM HOTSPUR_A_League W 2-1,Ameobi 45; tbc 57,0,0,0,0,0,0,0,0,0,0,0,0,0,0,0,0,0,0,0,0,0,8,0,6,6.85,2,5,15.08649269,305,368,218
26/10/2014,4,119,0,0,0,0,0,0,0,0,0,75,57,30,0.2,0.9,0.6,TOTTENHAM HOTSPUR_A_League,W 2-1,TOTTENHAM HOTSPUR_A_League W 2-1,Ameobi 45; tbc 57,0,0,0,0,0,0,0,0,0,0,0,0,0,0,0,0,0,0,0,0,0,8,1,7,5.74,1,7,15.3471914,262,340,212
27/10/2014,4,120,70,4530,68,0,623,70,259,23,1.1,73,58,26,0.2,1,0.8,MANCHESTER CITY_A_League Cup,W 2-0,MANCHESTER CITY_A_League Cup W 2-0,,88.1,2.6,4.6,407.6,6.2,11.3,533.9,5.3,19,100,36,132.8,1.3,11790.7,117.9,2541.7,74.8,133.8,6043.4,91.6,167.9,9,0,0,7.68,2,3,13.08714855,351,362,234
28/10/2014,4,121,57,3794,33,0,486,93,199,23,1.9,69,54,35,0.2,1.3,1,MANCHESTER CITY_A_League Cup,W 2-0,MANCHESTER CITY_A_League Cup W 2-0,,88.1,2.6,4.6,407.6,6.2,11.3,533.9,5.3,19,100,36,132.8,1.3,11790.7,117.9,2541.7,74.8,133.8,6043.4,91.6,167.9,9,1,1,5.25,3,6,13.83681031,421,346,222
29/10/2014,4,122,100,11791,534,133,0,0,0,31,0,86,75,38,0.4,1,0.6,LIVERPOOL_H_League,W 1-0,LIVERPOOL_H_League W 1-0,Perez; 72,0,0,0,0,0,0,0,0,0,0,0,0,0,0,0,0,0,0,0,0,0,10,0,0,5.52,5,5,18.07689648,309,346,158
30/10/2014,4,123,0,0,0,0,0,0,0,0,0,77,71,37,0.4,1,0.6,LIVERPOOL_H_League,W 1-0,LIVERPOOL_H_League W 1-0,Perez; 72,0,0,0,0,0,0,0,0,0,0,0,0,0,0,0,0,0,0,0,0,0,10,0,1,5.51,1,5,20.2344247,309,318,201
31/10/2014,4,124,68,3410,16,0,397,96,152,22,2.4,76,71,44,0.4,1,0.5,LIVERPOOL_H_League,W 1-0,LIVERPOOL_H_League W 1-0,Perez; 72,0,0,0,0,0,0,0,0,0,0,0,0,0,0,0,0,0,0,0,0,0,10,0,2,5.31,8,6,10.2900297,270,311,184
01/11/2014,4,125,0,0,0,0,0,0,0,0,0,76,71,35,0.3,0.8,0.5,LIVERPOOL_H_League,W 1-0,LIVERPOOL_H_League W 1-0,Perez; 72,0,0,0,0,0,0,0,0,0,0,0,0,0,0,0,0,0,0,0,0,0,10,1,3,6.05,3,2,14.42438836,215,311,149
02/11/2014,4,126,0,0,0,0,0,0,0,0,0,72,71,30,0.3,0.8,0.5,WEST BROMWICH ALBION_A_League,W 2-0,WEST BROMWICH ALBION_A_League W 2-0,Perez 44; Coloccini 61,21,0.5,10.5,45.1,0.8,11.3,79.9,0,2,11,4,31.5,0,1546.2,0,358.6,8,179.3,757.2,13.8,189.3,11,0,0,5.29,2,1,15.58827279,215,311,149
03/11/2014,4,127,0,0,0,0,0,0,0,0,0,56,39,9,0,0.6,0.4,WEST BROMWICH ALBION_A_League,W 2-0,WEST BROMWICH ALBION_A_League W 2-0,Perez 44; Coloccini 61,21,0.5,10.5,45.1,0.8,11.3,79.9,0,2,11,4,31.5,0,1546.2,0,358.6,8,179.3,757.2,13.8,189.3,11,0,1,5.95,6,8,10.25249258,126,296,127
04/11/2014,4,128,71,6318,25,0,710,144,285,24,2,65,40,21,0,0.7,0.4,WEST BROMWICH ALBION_A_League,W 2-0,WEST BROMWICH ALBION_A_League W 2-0,Perez 44; Coloccini 61,21,0.5,10.5,45.1,0.8,11.3,79.9,0,2,11,4,31.5,0,1546.2,0,358.6,8,179.3,757.2,13.8,189.3,11,0,2,4.34,3,9,13.87172714,158,280,150
05/11/2014,4,129,87,6613,322,108,784,87,472,26,1.1,64,46,29,0.3,0.8,0.4,WEST BROMWICH ALBION_A_League,W 2-0,WEST BROMWICH ALBION_A_League W 2-0,Perez 44; Coloccini 61,21,0.5,10.5,45.1,0.8,11.3,79.9,0,2,11,4,31.5,0,1546.2,0,358.6,8,179.3,757.2,13.8,189.3,11,0,3,5.28,1,5,16.21823809,270,308,205
06/11/2014,4,130,0,0,0,0,0,0,0,0,0,64,46,29,0.3,0.8,0.4,WEST BROMWICH ALBION_A_League,W 2-0,WEST BROMWICH ALBION_A_League W 2-0,Perez 44; Coloccini 61,21,0.5,10.5,45.1,0.8,11.3,79.9,0,2,11,4,31.5,0,1546.2,0,358.6,8,179.3,757.2,13.8,189.3,11,0,4,6.16,9,3,11.26145285,270,279,163
07/11/2014,4,131,82,5259,98,43,612,83,320,28,1.3,63,46,41,0.4,0.8,0.5,WEST BROMWICH ALBION_A_League,W 2-0,WEST BROMWICH ALBION_A_League W 2-0,Perez 44; Coloccini 61,21,0.5,10.5,45.1,0.8,11.3,79.9,0,2,11,4,31.5,0,1546.2,0,358.6,8,179.3,757.2,13.8,189.3,11,0,5,4.22,8,4,11.7238695,300,301,180
08/11/2014,4,132,51,4115,49,8,471,73,181,25,1.6,65,45,49,0.4,1,0.6,WEST BROMWICH ALBION_A_League,W 2-0,WEST BROMWICH ALBION_A_League W 2-0,Perez 44; Coloccini 61,21,0.5,10.5,45.1,0.8,11.3,79.9,0,2,11,4,31.5,0,1546.2,0,358.6,8,179.3,757.2,13.8,189.3,11,0,6,8.66,3,8,15.64999808,368,317,216
09/11/2014,4,133,21,3546,480,132,0,0,0,28,0,70,65,40,0.6,1.3,0.7,WEST BROMWICH ALBION_A_League,W 2-0,WEST BROMWICH ALBION_A_League W 2-0,Perez 44; Coloccini 61,21,0.5,10.5,45.1,0.8,11.3,79.9,0,2,11,4,31.5,0,1546.2,0,358.6,8,179.3,757.2,13.8,189.3,11,1,7,5.81,9,6,13.3771317,368,317,216
10/11/2014,4,134,0,0,0,0,0,0,0,0,0,63,62,29,0.4,1.3,0.7,QUEENS PARK RANGERS_H_League,W 1-0,QUEENS PARK RANGERS_H_League W 1-0,Sissoko 77,83.1,1.5,9.2,100.3,2.2,14.3,190.9,0,9,33,7,122.6,0,4102.2,0,1472.5,27.3,163.6,1360.9,29.6,194.4,12,0,0,7.22,2,2,16.99639473,368,291,216
11/11/2014,4,135,90,7935,239,137,810,99,401,28,1.2,69,70,43,0.5,1.3,0.9,QUEENS PARK RANGERS_H_League,W 1-0,QUEENS PARK RANGERS_H_League W 1-0,Sissoko 77,83.1,1.5,9.2,100.3,2.2,14.3,190.9,0,9,33,7,122.6,0,4102.2,0,1472.5,27.3,163.6,1360.9,29.6,194.4,12,0,1,6.08,2,6,15.28747514,382,290,181
12/11/2014,4,136,45,2500,0,0,0,0,0,20,0,56,49,46,0.6,1.2,0.7,QUEENS PARK RANGERS_H_League,W 1-0,QUEENS PARK RANGERS_H_League W 1-0,Sissoko 77,83.1,1.5,9.2,100.3,2.2,14.3,190.9,0,9,33,7,122.6,0,4102.2,0,1472.5,27.3,163.6,1360.9,29.6,194.4,12,0,2,7.17,5,4,10.61082832,270,290,164
13/11/2014,4,137,75,8000,400,100,0,0,0,30,0,67,65,46,0.7,1.6,0.9,QUEENS PARK RANGERS_H_League,W 1-0,QUEENS PARK RANGERS_H_League W 1-0,Sissoko 77,83.1,1.5,9.2,100.3,2.2,14.3,190.9,0,9,33,7,122.6,0,4102.2,0,1472.5,27.3,163.6,1360.9,29.6,194.4,12,0,3,5.12,3,5,14.12194744,270,266,164
14/11/2014,4,138,0,0,0,0,0,0,0,0,0,63,64,42,0.4,1.1,0.8,QUEENS PARK RANGERS_H_League,W 1-0,QUEENS PARK RANGERS_H_League W 1-0,Sissoko 77,83.1,1.5,9.2,100.3,2.2,14.3,190.9,0,9,33,7,122.6,0,4102.2,0,1472.5,27.3,163.6,1360.9,29.6,194.4,12,0,4,6.6,8,7,10.71037142,183,251,108
15/11/2014,4,139,0,0,0,0,0,0,0,0,0,63,64,42,0.4,0.9,0.8,QUEENS PARK RANGERS_H_League,W 1-0,QUEENS PARK RANGERS_H_League W 1-0,Sissoko 77,83.1,1.5,9.2,100.3,2.2,14.3,190.9,0,9,33,7,122.6,0,4102.2,0,1472.5,27.3,163.6,1360.9,29.6,194.4,12,0,5,5.64,2,9,16.56135569,115,251,67
16/11/2014,4,140,0,0,0,0,0,0,0,0,0,63,64,24,0.2,0.7,0.6,QUEENS PARK RANGERS_H_League,W 1-0,QUEENS PARK RANGERS_H_League W 1-0,Sissoko 77,83.1,1.5,9.2,100.3,2.2,14.3,190.9,0,9,33,7,122.6,0,4102.2,0,1472.5,27.3,163.6,1360.9,29.6,194.4,12,0,6,4.92,5,3,12.94319781,115,240,67
17/11/2014,4,141,69,5594,7,0,651,69,298,21,1.1,71,64,27,0.3,0.9,0.6,QUEENS PARK RANGERS_H_League,W 1-0,QUEENS PARK RANGERS_H_League W 1-0,Sissoko 77,83.1,1.5,9.2,100.3,2.2,14.3,190.9,0,9,33,7,122.6,0,4102.2,0,1472.5,27.3,163.6,1360.9,29.6,194.4,12,0,7,4.59,8,9,11.09562404,208,263,121
18/11/2014,4,142,69,6928,306,160,775,70,529,30,0.9,71,76,25,0.2,0.9,0.6,QUEENS PARK RANGERS_H_League,W 1-0,QUEENS PARK RANGERS_H_League W 1-0,Sissoko 77,83.1,1.5,9.2,100.3,2.2,14.3,190.9,0,9,33,7,122.6,0,4102.2,0,1472.5,27.3,163.6,1360.9,29.6,194.4,12,0,8,7.23,3,3,16.28217459,203,291,162
19/11/2014,4,143,0,0,0,0,0,0,0,0,0,62,63,29,0.2,0.8,0.6,QUEENS PARK RANGERS_H_League,W 1-0,QUEENS PARK RANGERS_H_League W 1-0,Sissoko 77,83.1,1.5,9.2,100.3,2.2,14.3,190.9,0,9,33,7,122.6,0,4102.2,0,1472.5,27.3,163.6,1360.9,29.6,194.4,12,0,9,7.32,7,2,13.23486537,203,263,119
20/11/2014,4,144,67,5228,104,10,591,68,289,24,1.1,69,67,36,0.2,0.8,0.5,QUEENS PARK RANGERS_H_League,W 1-0,QUEENS PARK RANGERS_H_League W 1-0,Sissoko 77,83.1,1.5,9.2,100.3,2.2,14.3,190.9,0,9,33,7,122.6,0,4102.2,0,1472.5,27.3,163.6,1360.9,29.6,194.4,12,0,10,6.88,4,9,14.90566592,288,284,164
21/11/2014,4,145,54,3549,33,0,426,55,177,23,1.3,67,64,45,0.3,1,0.6,QUEENS PARK RANGERS_H_League,W 1-0,QUEENS PARK RANGERS_H_League W 1-0,Sissoko 77,83.1,1.5,9.2,100.3,2.2,14.3,190.9,0,9,33,7,122.6,0,4102.2,0,1472.5,27.3,163.6,1360.9,29.6,194.4,12,0,11,4.09,2,3,14.36447804,349,275,200
22/11/2014,4,146,33,4102,191,123,0,0,0,30,0,67,70,42,0.4,1.3,0.8,QUEENS PARK RANGERS_H_League,W 1-0,QUEENS PARK RANGERS_H_League W 1-0,Sissoko 77,83.1,1.5,9.2,100.3,2.2,14.3,190.9,0,9,33,7,122.6,0,4102.2,0,1472.5,27.3,163.6,1360.9,29.6,194.4,12,1,12,5.41,9,8,11.23845891,349,262,200
23/11/2014,4,147,0,0,0,0,0,0,0,0,0,62,51,29,0.3,1.3,0.8,WEST HAM UNITED_A_League,L 0-1,WEST HAM UNITED_A_League L 0-1,,0,0,0,0,0,0,0,0,0,0,0,0,0,0,0,0,0,0,0,0,0,13,0,0,5.01,6,6,12.0546717,349,262,200
24/11/2014,4,148,0,0,0,0,0,0,0,0,0,62,51,29,0.3,1,0.8,WEST HAM UNITED_A_League,L 0-1,WEST HAM UNITED_A_League L 0-1,,0,0,0,0,0,0,0,0,0,0,0,0,0,0,0,0,0,0,0,0,0,13,0,1,6.45,1,4,16.3934393,256,239,146
25/11/2014,4,149,0,0,0,0,0,0,0,0,0,51,41,21,0.2,0.8,0.6,WEST HAM UNITED_A_League,L 0-1,WEST HAM UNITED_A_League L 0-1,,0,0,0,0,0,0,0,0,0,0,0,0,0,0,0,0,0,0,0,0,0,13,0,2,5.86,4,3,15.31090668,145,222,143
26/11/2014,4,150,0,0,0,0,0,0,0,0,0,47,41,12,0.2,0.8,0.6,WEST HAM UNITED_A_League,L 0-1,WEST HAM UNITED_A_League L 0-1,,0,0,0,0,0,0,0,0,0,0,0,0,0,0,0,0,0,0,0,0,0,13,0,3,7.39,3,4,15.69622313,145,222,143
27/11/2014,4,151,0,0,0,0,0,0,0,0,0,36,25,0,0,0.6,0.4,WEST HAM UNITED_A_League,L 0-1,WEST HAM UNITED_A_League L 0-1,,0,0,0,0,0,0,0,0,0,0,0,0,0,0,0,0,0,0,0,0,0,13,0,4,4.11,2,7,17.72883734,60,222,159
28/11/2014,4,152,0,0,0,0,0,0,0,0,0,36,25,0,0,0.4,0.4,WEST HAM UNITED_A_League,L 0-1,WEST HAM UNITED_A_League L 0-1,,0,0,0,0,0,0,0,0,0,0,0,0,0,0,0,0,0,0,0,0,0,13,0,5,4.9,6,7,11.96985832,0,208,160
29/11/2014,4,153,0,0,0,0,0,0,0,0,0,36,25,0,0,0,0,WEST HAM UNITED_A_League,L 0-1,WEST HAM UNITED_A_League L 0-1,,0,0,0,0,0,0,0,0,0,0,0,0,0,0,0,0,0,0,0,0,0,13,1,6,6.73,7,5,10.4271683,0,208,166
30/11/2014,4,154,0,0,0,0,0,0,0,0,0,36,25,0,0,0,0,BURNLEY_A_League,D 1-1,BURNLEY_A_League D 1-1,Cisse 47,0,0,0,0,0,0,0,0,0,0,0,0,0,0,0,0,0,0,0,0,0,14,0,0,7.4,7,4,16.1879553,0,208,179
01/12/2014,4,155,0,0,0,0,0,0,0,0,0,28,25,0,0,0,0,BURNLEY_A_League,D 1-1,BURNLEY_A_League D 1-1,Cisse 47,0,0,0,0,0,0,0,0,0,0,0,0,0,0,0,0,0,0,0,0,0,14,0,1,5.34,5,9,15.16178887,0,208,214
02/12/2014,4,156,0,0,0,0,0,0,0,0,0,18,13,0,0,0,0,BURNLEY_A_League,D 1-1,BURNLEY_A_League D 1-1,Cisse 47,0,0,0,0,0,0,0,0,0,0,0,0,0,0,0,0,0,0,0,0,0,14,1,2,6.03,5,8,9.570649224,0,182,160
03/12/2014,4,157,0,0,0,0,0,0,0,0,0,18,13,0,0,0,0,CHELSEA_H_League,W 2-1,CHELSEA_H_League W 2-1,"Cisse 56, 77",0,0,0,0,0,0,0,0,0,0,0,0,0,0,0,0,0,0,0,0,0,15,0,0,4.44,8,5,12.21618634,0,154,160
04/12/2014,4,158,0,0,0,0,0,0,0,0,0,11,9,0,0,0,0,CHELSEA_H_League,W 2-1,CHELSEA_H_League W 2-1,"Cisse 56, 77",0,0,0,0,0,0,0,0,0,0,0,0,0,0,0,0,0,0,0,0,0,15,0,1,6.66,5,7,10.76462658,0,154,128
05/12/2014,4,159,0,0,0,0,0,0,0,0,0,6,8,0,0,0,0,CHELSEA_H_League,W 2-1,CHELSEA_H_League W 2-1,"Cisse 56, 77",0,0,0,0,0,0,0,0,0,0,0,0,0,0,0,0,0,0,0,0,0,15,0,2,4.83,1,9,15.50034312,0,133,128
06/12/2014,4,160,0,0,0,0,0,0,0,0,0,0,0,0,0,0,0,CHELSEA_H_League,W 2-1,CHELSEA_H_League W 2-1,"Cisse 56, 77",0,0,0,0,0,0,0,0,0,0,0,0,0,0,0,0,0,0,0,0,0,15,1,3,5.83,8,5,12.21140935,0,116,121
07/12/2014,4,161,0,0,0,0,0,0,0,0,0,0,0,0,0,0,0,ARSE0L_A_League,L 1-4,ARSE0L_A_League L 1-4,Perez 62,0,0,0,0,0,0,0,0,0,0,0,0,0,0,0,0,0,0,0,0,0,16,0,0,5.48,2,2,15.72795311,0,116,109
08/12/2014,4,162,0,0,0,0,0,0,0,0,0,0,0,0,0,0,0,ARSE0L_A_League,L 1-4,ARSE0L_A_League L 1-4,Perez 62,0,0,0,0,0,0,0,0,0,0,0,0,0,0,0,0,0,0,0,0,0,16,0,1,5.42,4,2,12.54326311,0,116,74
09/12/2014,4,163,0,0,0,0,0,0,0,0,0,0,0,0,0,0,0,ARSE0L_A_League,L 1-4,ARSE0L_A_League L 1-4,Perez 62,0,0,0,0,0,0,0,0,0,0,0,0,0,0,0,0,0,0,0,0,0,16,0,2,5.49,7,5,12.86112247,0,87,121
10/12/2014,4,164,0,0,0,0,0,0,0,0,0,0,0,0,0,0,0,ARSE0L_A_League,L 1-4,ARSE0L_A_League L 1-4,Perez 62,0,0,0,0,0,0,0,0,0,0,0,0,0,0,0,0,0,0,0,0,0,16,0,3,7.02,7,1,13.50330851,0,87,121
11/12/2014,4,165,0,0,0,0,0,0,0,0,0,0,0,0,0,0,0,ARSE0L_A_League,L 1-4,ARSE0L_A_League L 1-4,Perez 62,0,0,0,0,0,0,0,0,0,0,0,0,0,0,0,0,0,0,0,0,0,16,0,4,6.43,5,1,9.557054633,0,87,151
12/12/2014,4,166,0,0,0,0,0,0,0,0,0,0,0,0,0,0,0,ARSE0L_A_League,L 1-4,ARSE0L_A_League L 1-4,Perez 62,0,0,0,0,0,0,0,0,0,0,0,0,0,0,0,0,0,0,0,0,0,16,0,5,5.15,1,7,15.17797289,0,87,153
13/12/2014,4,167,0,0,0,0,0,0,0,0,0,0,0,0,0,0,0,ARSE0L_A_League,L 1-4,ARSE0L_A_League L 1-4,Perez 62,0,0,0,0,0,0,0,0,0,0,0,0,0,0,0,0,0,0,0,0,0,16,1,6,5.95,1,2,9.830351449,0,87,164
14/12/2014,4,168,0,0,0,0,0,0,0,0,0,0,0,0,0,0,0,SUNDERLAND_H_League,L 0-1,SUNDERLAND_H_League L 0-1,,0,0,0,0,0,0,0,0,0,0,0,0,0,0,0,0,0,0,0,0,0,17,0,0,6.4,8,4,16.1062523,0,87,164
15/12/2014,4,169,0,0,0,0,0,0,0,0,0,0,0,0,0,0,0,SUNDERLAND_H_League,L 0-1,SUNDERLAND_H_League L 0-1,,0,0,0,0,0,0,0,0,0,0,0,0,0,0,0,0,0,0,0,0,0,17,0,1,4.14,9,1,9.350591811,0,64,188
16/12/2014,4,170,0,0,0,0,0,0,0,0,0,0,0,0,0,0,0,SUNDERLAND_H_League,L 0-1,SUNDERLAND_H_League L 0-1,,0,0,0,0,0,0,0,0,0,0,0,0,0,0,0,0,0,0,0,0,0,17,0,2,4.58,9,4,10.31966912,0,36,157
17/12/2014,4,171,0,0,0,0,0,0,0,0,0,0,0,0,0,0,0,SUNDERLAND_H_League,L 0-1,SUNDERLAND_H_League L 0-1,,0,0,0,0,0,0,0,0,0,0,0,0,0,0,0,0,0,0,0,0,0,17,0,3,6.54,3,4,14.57288749,0,36,157
18/12/2014,4,172,0,0,0,0,0,0,0,0,0,0,0,0,0,0,0,SUNDERLAND_H_League,L 0-1,SUNDERLAND_H_League L 0-1,,0,0,0,0,0,0,0,0,0,0,0,0,0,0,0,0,0,0,0,0,0,17,0,4,4.03,9,3,13.587167,0,15,98
19/12/2014,4,173,0,0,0,0,0,0,0,0,0,0,0,0,0,0,0,SUNDERLAND_H_League,L 0-1,SUNDERLAND_H_League L 0-1,,0,0,0,0,0,0,0,0,0,0,0,0,0,0,0,0,0,0,0,0,0,17,0,5,7.16,4,9,12.86687973,0,0,91
20/12/2014,4,174,0,0,0,0,0,0,0,0,0,0,0,0,0,0,0,SUNDERLAND_H_League,L 0-1,SUNDERLAND_H_League L 0-1,,0,0,0,0,0,0,0,0,0,0,0,0,0,0,0,0,0,0,0,0,0,17,0,6,5.43,7,6,12.80122478,0,0,111
21/12/2014,4,175,0,0,0,0,0,0,0,0,0,0,0,0,0,0,0,SUNDERLAND_H_League,L 0-1,SUNDERLAND_H_League L 0-1,,0,0,0,0,0,0,0,0,0,0,0,0,0,0,0,0,0,0,0,0,0,17,1,7,5.7,2,4,16.36203684,0,0,114
22/12/2014,4,176,0,0,0,0,0,0,0,0,0,0,0,0,0,0,0,MANCHESTER UNITED_A_League,L 1-3,MANCHESTER UNITED_A_League L 1-3,Cisse 86 (pen),0,0,0,0,0,0,0,0,0,0,0,0,0,0,0,0,0,0,0,0,0,18,0,0,5.44,2,5,16.18060376,0,0,90
23/12/2014,4,177,0,0,0,0,0,0,0,0,0,0,0,0,0,0,0,MANCHESTER UNITED_A_League,L 1-3,MANCHESTER UNITED_A_League L 1-3,Cisse 86 (pen),0,0,0,0,0,0,0,0,0,0,0,0,0,0,0,0,0,0,0,0,0,18,0,1,7.27,3,2,13.29024838,0,0,91
24/12/2014,4,178,0,0,0,0,0,0,0,0,0,0,0,0,0,0,0,MANCHESTER UNITED_A_League,L 1-3,MANCHESTER UNITED_A_League L 1-3,Cisse 86 (pen),0,0,0,0,0,0,0,0,0,0,0,0,0,0,0,0,0,0,0,0,0,18,0,2,7.53,1,9,16.50863255,0,0,140
25/12/2014,4,179,0,0,0,0,0,0,0,0,0,0,0,0,0,0,0,MANCHESTER UNITED_A_League,L 1-3,MANCHESTER UNITED_A_League L 1-3,Cisse 86 (pen),0,0,0,0,0,0,0,0,0,0,0,0,0,0,0,0,0,0,0,0,0,18,0,3,6.39,1,9,13.39842583,0,0,172
26/12/2014,4,180,0,0,0,0,0,0,0,0,0,0,0,0,0,0,0,MANCHESTER UNITED_A_League,L 1-3,MANCHESTER UNITED_A_League L 1-3,Cisse 86 (pen),0,0,0,0,0,0,0,0,0,0,0,0,0,0,0,0,0,0,0,0,0,18,1,4,6.09,7,8,12.87841549,0,0,141
27/12/2014,4,181,0,0,0,0,0,0,0,0,0,0,0,0,0,0,0,EVERTON_H_League,W 3-2,EVERTON_H_League W 3-2,Cisse 33; Perez 50; Colback 67,0,0,0,0,0,0,0,0,0,0,0,0,0,0,0,0,0,0,0,0,0,19,0,0,5.28,6,2,12.67954841,0,0,112
28/12/2014,4,182,0,0,0,0,0,0,0,0,0,0,0,0,0,0,0,EVERTON_H_League,W 3-2,EVERTON_H_League W 3-2,Cisse 33; Perez 50; Colback 67,0,0,0,0,0,0,0,0,0,0,0,0,0,0,0,0,0,0,0,0,0,19,1,1,5.85,9,1,12.75852329,0,0,109
29/12/2014,4,183,0,0,0,0,0,0,0,0,0,0,0,0,0,0,0,BURNLEY_H_League,D 3-3,BURNLEY_H_League D 3-3,Taylor 14; Colback 25; Sissoko 77,0,0,0,0,0,0,0,0,0,0,0,0,0,0,0,0,0,0,0,0,0,20,0,0,6.15,1,2,14.47561654,0,0,109
30/12/2014,4,184,0,0,0,0,0,0,0,0,0,0,0,0,0,0,0,BURNLEY_H_League,D 3-3,BURNLEY_H_League D 3-3,Taylor 14; Colback 25; Sissoko 77,0,0,0,0,0,0,0,0,0,0,0,0,0,0,0,0,0,0,0,0,0,20,0,1,6.09,7,8,11.56684142,0,0,98
31/12/2014,4,185,0,0,0,0,0,0,0,0,0,0,0,0,0,0,0,BURNLEY_H_League,D 3-3,BURNLEY_H_League D 3-3,Taylor 14; Colback 25; Sissoko 77,0,0,0,0,0,0,0,0,0,0,0,0,0,0,0,0,0,0,0,0,0,20,0,2,6.6,6,5,14.86502242,0,0,79
01/01/2015,4,186,0,0,0,0,0,0,0,0,0,0,0,0,0,0,0,BURNLEY_H_League,D 3-3,BURNLEY_H_League D 3-3,Taylor 14; Colback 25; Sissoko 77,0,0,0,0,0,0,0,0,0,0,0,0,0,0,0,0,0,0,0,0,0,20,1,3,4.98,7,9,7.641408534,0,0,47
02/01/2015,4,187,0,0,0,0,0,0,0,0,0,0,0,0,0,0,0,CHELSEA_A_League,L 0-2,CHELSEA_A_League L 0-2,,0,0,0,0,0,0,0,0,0,0,0,0,0,0,0,0,0,0,0,0,0,21,0,0,5.72,1,4,10.7297703,0,0,59
03/01/2015,4,188,0,0,0,0,0,0,0,0,0,0,0,0,0,0,0,CHELSEA_A_League,L 0-2,CHELSEA_A_League L 0-2,,0,0,0,0,0,0,0,0,0,0,0,0,0,0,0,0,0,0,0,0,0,21,0,1,6.04,6,3,13.30835527,0,0,57
04/01/2015,4,189,0,0,0,0,0,0,0,0,0,0,0,0,0,0,0,CHELSEA_A_League,L 0-2,CHELSEA_A_League L 0-2,,0,0,0,0,0,0,0,0,0,0,0,0,0,0,0,0,0,0,0,0,0,21,0,2,4.66,6,7,14.22569612,0,0,57
05/01/2015,4,190,0,0,0,0,0,0,0,0,0,0,0,0,0,0,0,CHELSEA_A_League,L 0-2,CHELSEA_A_League L 0-2,,0,0,0,0,0,0,0,0,0,0,0,0,0,0,0,0,0,0,0,0,0,21,0,3,5.41,6,4,9.36132979,0,0,63
06/01/2015,4,191,0,0,0,0,0,0,0,0,0,0,0,0,0,0,0,CHELSEA_A_League,L 0-2,CHELSEA_A_League L 0-2,,0,0,0,0,0,0,0,0,0,0,0,0,0,0,0,0,0,0,0,0,0,21,0,4,6.4,5,5,13.19608557,0,0,101
07/01/2015,4,192,0,0,0,0,0,0,0,0,0,0,0,0,0,0,0,CHELSEA_A_League,L 0-2,CHELSEA_A_League L 0-2,,0,0,0,0,0,0,0,0,0,0,0,0,0,0,0,0,0,0,0,0,0,21,0,5,5.78,3,1,13.44189357,0,0,71
08/01/2015,4,193,46,4383,11,0,436,0,190,22,0,6,0,100,1,0.4,0.4,CHELSEA_A_League,L 0-2,CHELSEA_A_League L 0-2,,0,0,0,0,0,0,0,0,0,0,0,0,0,0,0,0,0,0,0,0,0,21,0,6,7.08,2,9,13.87316113,62,15,126
09/01/2015,4,194,0,0,0,0,0,0,0,0,0,6,0,100,1,0.4,0.4,CHELSEA_A_League,L 0-2,CHELSEA_A_League L 0-2,,0,0,0,0,0,0,0,0,0,0,0,0,0,0,0,0,0,0,0,0,0,21,0,7,6.4,9,4,12.43206231,62,15,141
10/01/2015,4,195,54,5679,409,243,121,585,140,26,48.3,14,17,100,1,0.6,0.4,CHELSEA_A_League,L 0-2,CHELSEA_A_League L 0-2,,0,0,0,0,0,0,0,0,0,0,0,0,0,0,0,0,0,0,0,0,0,21,1,8,6.06,9,4,14.42151073,79,19,142
11/01/2015,4,196,0,0,0,0,0,0,0,0,0,14,17,100,1,0.6,0.4,SOUTHAMPTON_H_League,L 1-2,SOUTHAMPTON_H_League L 1-2,Gouffran 28,0,0,0,0,0,0,0,0,0,0,0,0,0,0,0,0,0,0,0,0,0,22,0,0,4.28,4,6,16.82847121,79,19,142
12/01/2015,4,197,0,0,0,0,0,0,0,0,0,14,17,100,1,0.6,0.4,SOUTHAMPTON_H_League,L 1-2,SOUTHAMPTON_H_League L 1-2,Gouffran 28,0,0,0,0,0,0,0,0,0,0,0,0,0,0,0,0,0,0,0,0,0,22,0,1,5.31,5,7,15.80570576,79,19,141
13/01/2015,4,198,0,0,0,0,0,0,0,0,0,14,17,56,1,0.6,0.4,SOUTHAMPTON_H_League,L 1-2,SOUTHAMPTON_H_League L 1-2,Gouffran 28,0,0,0,0,0,0,0,0,0,0,0,0,0,0,0,0,0,0,0,0,0,22,0,2,3.77,3,5,14.72864962,79,19,147
14/01/2015,4,199,0,0,0,0,0,0,0,0,0,14,17,56,1,0.6,0.4,SOUTHAMPTON_H_League,L 1-2,SOUTHAMPTON_H_League L 1-2,Gouffran 28,0,0,0,0,0,0,0,0,0,0,0,0,0,0,0,0,0,0,0,0,0,22,0,3,6.39,7,7,13.13018294,79,19,147
15/01/2015,4,200,65,5816,232,174,618,0,195,29,0,22,26,37,0.4,0.6,0.6,SOUTHAMPTON_H_League,L 1-2,SOUTHAMPTON_H_League L 1-2,Gouffran 28,0,0,0,0,0,0,0,0,0,0,0,0,0,0,0,0,0,0,0,0,0,22,0,4,6.03,9,5,12.60770154,105,41,149
16/01/2015,4,201,0,0,0,0,0,0,0,0,0,22,26,37,0.4,0.6,0.6,SOUTHAMPTON_H_League,L 1-2,SOUTHAMPTON_H_League L 1-2,Gouffran 28,0,0,0,0,0,0,0,0,0,0,0,0,0,0,0,0,0,0,0,0,0,22,0,5,5.35,7,1,13.51347708,105,41,152
17/01/2015,4,202,0,0,0,0,0,0,0,0,0,22,26,37,0.4,0.4,0.4,SOUTHAMPTON_H_League,L 1-2,SOUTHAMPTON_H_League L 1-2,Gouffran 28,0,0,0,0,0,0,0,0,0,0,0,0,0,0,0,0,0,0,0,0,0,22,1,6,5.64,9,7,13.60764574,88,41,151
18/01/2015,4,203,0,0,0,0,0,0,0,0,0,22,26,37,0.4,0.4,0.4,HULL CITY_A_League,W 3-0,HULL CITY_A_League W 3-0,Cabella 39; Ameobi 49; Gouffran 77,0,0,0,0,0,0,0,0,0,0,0,0,0,0,0,0,0,0,0,0,0,23,0,0,6.58,4,3,15.25349449,88,41,151
19/01/2015,4,204,85,4075,5,0,416,120,122,22,2.9,28,26,50,0.4,0.6,0.4,HULL CITY_A_League,W 3-0,HULL CITY_A_League W 3-0,Cabella 39; Ameobi 49; Gouffran 77,0,0,0,0,0,0,0,0,0,0,0,0,0,0,0,0,0,0,0,0,0,23,0,1,7.53,4,3,13.29990992,147,56,158
20/01/2015,4,205,80,6200,250,150,600,150,350,28,2.5,37,36,39,0.3,0.8,0.6,HULL CITY_A_League,W 3-0,HULL CITY_A_League W 3-0,Cabella 39; Ameobi 49; Gouffran 77,0,0,0,0,0,0,0,0,0,0,0,0,0,0,0,0,0,0,0,0,0,23,0,2,6.97,3,6,14.04778971,233,78,160
21/01/2015,4,206,0,0,0,0,0,0,0,0,0,37,36,39,0.3,0.8,0.6,HULL CITY_A_League,W 3-0,HULL CITY_A_League W 3-0,Cabella 39; Ameobi 49; Gouffran 77,0,0,0,0,0,0,0,0,0,0,0,0,0,0,0,0,0,0,0,0,0,23,0,3,6.55,3,1,15.16449725,233,78,160
22/01/2015,4,207,0,0,0,0,0,0,0,0,0,31,36,47,0.3,0.6,0.4,HULL CITY_A_League,W 3-0,HULL CITY_A_League W 3-0,Cabella 39; Ameobi 49; Gouffran 77,0,0,0,0,0,0,0,0,0,0,0,0,0,0,0,0,0,0,0,0,0,23,0,4,7.69,2,5,14.91776855,145,78,102
23/01/2015,4,208,50,4000,50,0,600,150,250,22,2.5,36,38,55,0.3,0.8,0.5,HULL CITY_A_League,W 3-0,HULL CITY_A_League W 3-0,Cabella 39; Ameobi 49; Gouffran 77,0,0,0,0,0,0,0,0,0,0,0,0,0,0,0,0,0,0,0,0,0,23,0,5,5.37,2,9,13.68540463,230,99,140
24/01/2015,4,209,64,4030,355,122,540,0,205,28,0,34,35,59,0.7,1,0.6,HULL CITY_A_League,W 3-0,HULL CITY_A_League W 3-0,Cabella 39; Ameobi 49; Gouffran 77,0,0,0,0,0,0,0,0,0,0,0,0,0,0,0,0,0,0,0,0,0,23,0,6,3.88,3,3,15.68232337,308,118,184
25/01/2015,4,210,0,0,0,0,0,0,0,0,0,34,35,33,0.5,1,0.6,HULL CITY_A_League,W 3-0,HULL CITY_A_League W 3-0,Cabella 39; Ameobi 49; Gouffran 77,0,0,0,0,0,0,0,0,0,0,0,0,0,0,0,0,0,0,0,0,0,23,0,7,4.96,9,6,9.026962914,308,118,184
26/01/2015,4,211,84,6984,162,50,718,170,359,26,2.4,44,42,48,0.5,1,0.8,HULL CITY_A_League,W 3-0,HULL CITY_A_League W 3-0,Cabella 39; Ameobi 49; Gouffran 77,0,0,0,0,0,0,0,0,0,0,0,0,0,0,0,0,0,0,0,0,0,23,0,8,7.56,3,5,11.58637372,351,144,239
27/01/2015,4,212,81,6922,647,264,809,130,456,27,1.6,54,68,58,0.7,1,0.7,HULL CITY_A_League,W 3-0,HULL CITY_A_League W 3-0,Cabella 39; Ameobi 49; Gouffran 77,0,0,0,0,0,0,0,0,0,0,0,0,0,0,0,0,0,0,0,0,0,23,0,9,6.8,6,9,14.87161031,381,173,246
28/01/2015,4,213,0,0,0,0,0,0,0,0,0,54,68,47,0.7,1,0.7,HULL CITY_A_League,W 3-0,HULL CITY_A_League W 3-0,Cabella 39; Ameobi 49; Gouffran 77,0,0,0,0,0,0,0,0,0,0,0,0,0,0,0,0,0,0,0,0,0,23,0,10,4.23,4,2,12.52518889,381,173,246
29/01/2015,4,214,66,5414,131,50,587,100,304,26,1.7,53,64,51,0.6,1.3,0.8,HULL CITY_A_League,W 3-0,HULL CITY_A_League W 3-0,Cabella 39; Ameobi 49; Gouffran 77,0,0,0,0,0,0,0,0,0,0,0,0,0,0,0,0,0,0,0,0,0,23,0,11,4.81,6,5,11.46647727,464,194,296
30/01/2015,4,215,49,3731,243,132,469,49,306,28,1,58,73,56,0.6,1.3,1,HULL CITY_A_League,W 3-0,HULL CITY_A_League W 3-0,Cabella 39; Ameobi 49; Gouffran 77,0,0,0,0,0,0,0,0,0,0,0,0,0,0,0,0,0,0,0,0,0,23,0,12,6.18,4,7,13.96722191,446,211,263
31/01/2015,4,216,0,0,0,0,0,0,0,0,0,58,73,39,0.6,1,0.7,HULL CITY_A_League,W 3-0,HULL CITY_A_League W 3-0,Cabella 39; Ameobi 49; Gouffran 77,0,0,0,0,0,0,0,0,0,0,0,0,0,0,0,0,0,0,0,0,0,23,1,13,6.58,1,9,13.64308367,369,211,219
01/02/2015,4,217,0,0,0,0,0,0,0,0,0,58,73,22,0.2,1,0.7,STOKE CITY_H_League,D 1-1,STOKE CITY_H_League D 1-1,Colback 73,0,0,0,0,0,0,0,0,0,0,0,0,0,0,0,0,0,0,0,0,0,24,0,0,5.64,9,3,10.56820159,369,211,223
02/02/2015,4,218,0,0,0,0,0,0,0,0,0,53,73,25,0.2,0.8,0.6,STOKE CITY_H_League,D 1-1,STOKE CITY_H_League D 1-1,Colback 73,0,0,0,0,0,0,0,0,0,0,0,0,0,0,0,0,0,0,0,0,0,24,0,1,6.66,3,5,13.21389943,266,211,164
03/02/2015,4,219,58,3900,9,0,474,59,163,21,1.2,49,63,22,0.2,0.8,0.6,STOKE CITY_H_League,D 1-1,STOKE CITY_H_League D 1-1,Colback 73,0,0,0,0,0,0,0,0,0,0,0,0,0,0,0,0,0,0,0,0,0,24,0,2,7.09,1,4,11.15688681,218,228,142
04/02/2015,4,220,79,7283,328,126,882,79,569,27,0.9,60,76,26,0.2,1,0.7,STOKE CITY_H_League,D 1-1,STOKE CITY_H_League D 1-1,Colback 73,0,0,0,0,0,0,0,0,0,0,0,0,0,0,0,0,0,0,0,0,0,24,0,3,6.2,2,8,15.71954127,344,259,212
05/02/2015,4,221,0,0,0,0,0,0,0,0,0,60,76,26,0.2,0.7,0.6,STOKE CITY_H_League,D 1-1,STOKE CITY_H_League D 1-1,Colback 73,0,0,0,0,0,0,0,0,0,0,0,0,0,0,0,0,0,0,0,0,0,24,0,4,6.57,2,3,16.73394,260,244,162
06/02/2015,4,222,84,6857,98,0,726,75,293,24,1,64,78,40,0.2,0.8,0.5,STOKE CITY_H_League,D 1-1,STOKE CITY_H_League D 1-1,Colback 73,0,0,0,0,0,0,0,0,0,0,0,0,0,0,0,0,0,0,0,0,0,24,0,5,6.3,9,2,12.04691646,297,270,192
07/02/2015,4,223,35,2674,39,0,305,35,132,24,1.2,62,66,47,0.3,0.9,0.6,STOKE CITY_H_League,D 1-1,STOKE CITY_H_League D 1-1,Colback 73,0,0,0,0,0,0,0,0,0,0,0,0,0,0,0,0,0,0,0,0,0,24,0,6,7.08,1,3,11.95449498,341,276,221
08/02/2015,4,224,0,0,0,0,0,0,0,0,0,62,66,38,0.3,0.9,0.6,STOKE CITY_H_League,D 1-1,STOKE CITY_H_League D 1-1,Colback 73,0,0,0,0,0,0,0,0,0,0,0,0,0,0,0,0,0,0,0,0,0,24,1,7,5.2,5,4,10.37924956,341,276,218
09/02/2015,4,225,62,5381,151,0,696,154,387,23,2.2,60,65,35,0.2,1.2,0.7,CRYSTAL PALACE_A_League,D 1-1,CRYSTAL PALACE_A_League D 1-1,Cisse 41,0,0,0,0,0,0,0,0,0,0,0,0,0,0,0,0,0,0,0,0,0,25,0,0,5.74,7,8,13.06669427,440,301,232
10/02/2015,4,226,32,2885,21,7,314,53,89,24,1.7,54,41,47,0.3,1.2,0.8,CRYSTAL PALACE_A_League,D 1-1,CRYSTAL PALACE_A_League D 1-1,Cisse 41,0,0,0,0,0,0,0,0,0,0,0,0,0,0,0,0,0,0,0,0,0,25,0,1,4.88,9,9,14.65196159,417,312,214
11/02/2015,4,227,20,2000,700,400,0,0,0,29,0,57,68,32,0.5,1.1,0.6,CRYSTAL PALACE_A_League,D 1-1,CRYSTAL PALACE_A_League D 1-1,Cisse 41,0,0,0,0,0,0,0,0,0,0,0,0,0,0,0,0,0,0,0,0,0,25,1,2,7.26,3,3,11.2625031,291,312,144
12/02/2015,4,228,0,0,0,0,0,0,0,0,0,49,63,30,0.5,1.1,0.6,MANCHESTER CITY_A_League,L 0-5,MANCHESTER CITY_A_League L 0-5,,32.4,0.7,6.5,112.8,2.1,18.8,145.3,0,5,22,6,80.5,0,2303.9,0,890.4,18.9,178.1,895.5,16.9,149.3,26,0,0,6.64,7,4,17.77086116,291,290,144
13/02/2015,4,229,0,0,0,0,0,0,0,0,0,44,53,33,0.6,0.9,0.5,MANCHESTER CITY_A_League,L 0-5,MANCHESTER CITY_A_League L 0-5,,32.4,0.7,6.5,112.8,2.1,18.8,145.3,0,5,22,6,80.5,0,2303.9,0,890.4,18.9,178.1,895.5,16.9,149.3,26,0,1,4.24,6,9,13.44735452,187,290,85
14/02/2015,4,230,0,0,0,0,0,0,0,0,0,44,53,16,0.5,0.7,0.5,MANCHESTER CITY_A_League,L 0-5,MANCHESTER CITY_A_League L 0-5,,32.4,0.7,6.5,112.8,2.1,18.8,145.3,0,5,22,6,80.5,0,2303.9,0,890.4,18.9,178.1,895.5,16.9,149.3,26,0,2,6.91,8,6,12.48168082,144,290,55
15/02/2015,4,231,0,0,0,0,0,0,0,0,0,44,53,6,0.5,0.7,0.5,MANCHESTER CITY_A_League,L 0-5,MANCHESTER CITY_A_League L 0-5,,32.4,0.7,6.5,112.8,2.1,18.8,145.3,0,5,22,6,80.5,0,2303.9,0,890.4,18.9,178.1,895.5,16.9,149.3,26,0,3,6.7,5,4,10.79146427,144,290,55
16/02/2015,4,232,62,6196,17,0,655,62,339,22,1,53,54,17,0,0.7,0.4,MANCHESTER CITY_A_League,L 0-5,MANCHESTER CITY_A_League L 0-5,,32.4,0.7,6.5,112.8,2.1,18.8,145.3,0,5,22,6,80.5,0,2303.9,0,890.4,18.9,178.1,895.5,16.9,149.3,26,0,4,6.4,8,7,15.39352981,138,299,98
17/02/2015,4,233,83,7106,464,226,779,84,493,29,1.1,57,72,33,0.3,0.7,0.6,MANCHESTER CITY_A_League,L 0-5,MANCHESTER CITY_A_League L 0-5,,32.4,0.7,6.5,112.8,2.1,18.8,145.3,0,5,22,6,80.5,0,2303.9,0,890.4,18.9,178.1,895.5,16.9,149.3,26,0,5,6.46,2,2,19.33724115,204,305,144
18/02/2015,4,234,0,0,0,0,0,0,0,0,0,47,59,40,0.3,0.6,0.4,MANCHESTER CITY_A_League,L 0-5,MANCHESTER CITY_A_League L 0-5,,32.4,0.7,6.5,112.8,2.1,18.8,145.3,0,5,22,6,80.5,0,2303.9,0,890.4,18.9,178.1,895.5,16.9,149.3,26,0,6,6.78,8,6,13.37115956,204,305,144
19/02/2015,4,235,69,5760,46,12,645,70,287,25,1.1,55,61,49,0.3,0.8,0.4,MANCHESTER CITY_A_League,L 0-5,MANCHESTER CITY_A_League L 0-5,,32.4,0.7,6.5,112.8,2.1,18.8,145.3,0,5,22,6,80.5,0,2303.9,0,890.4,18.9,178.1,895.5,16.9,149.3,26,0,7,4.2,1,5,14.86585445,297,328,199
20/02/2015,4,236,46,3264,62,15,381,47,161,24,1.2,50,60,63,0.4,1,0.5,MANCHESTER CITY_A_League,L 0-5,MANCHESTER CITY_A_League L 0-5,,32.4,0.7,6.5,112.8,2.1,18.8,145.3,0,5,22,6,80.5,0,2303.9,0,890.4,18.9,178.1,895.5,16.9,149.3,26,0,8,7.22,3,3,10.68680437,351,320,223
21/02/2015,4,237,22,2304,145,81,0,0,0,28,0,49,64,53,0.4,1.2,0.6,MANCHESTER CITY_A_League,L 0-5,MANCHESTER CITY_A_League L 0-5,,32.4,0.7,6.5,112.8,2.1,18.8,145.3,0,5,22,6,80.5,0,2303.9,0,890.4,18.9,178.1,895.5,16.9,149.3,26,1,9,5.22,3,6,15.48496715,351,301,223
22/02/2015,4,238,0,0,0,0,0,0,0,0,0,49,64,32,0.2,1.2,0.6,ASTON VILLA_H_League,W 1-0,ASTON VILLA_H_League W 1-0,Cisse 36,40,0.8,5,154.8,3.2,19.4,197.3,0,8,35,8,77.6,0,3618.1,0,998.2,19.2,124.8,1417.9,29.5,177.2,27,0,0,6.01,1,9,11.82771074,351,301,223
23/02/2015,4,239,57,4464,13,0,526,58,269,22,1.1,48,58,46,0.2,1.2,0.6,ASTON VILLA_H_League,W 1-0,ASTON VILLA_H_League W 1-0,Cisse 36,40,0.8,5,154.8,3.2,19.4,197.3,0,8,35,8,77.6,0,3618.1,0,998.2,19.2,124.8,1417.9,29.5,177.2,27,0,1,5.2,8,1,11.77484412,333,294,174
24/02/2015,4,240,88,7001,168,22,780,89,387,25,1.1,54,64,45,0.2,1.2,0.9,ASTON VILLA_H_League,W 1-0,ASTON VILLA_H_League W 1-0,Cisse 36,40,0.8,5,154.8,3.2,19.4,197.3,0,8,35,8,77.6,0,3618.1,0,998.2,19.2,124.8,1417.9,29.5,177.2,27,0,2,6.75,1,6,17.94246816,333,293,164
25/02/2015,4,241,0,0,0,0,0,0,0,0,0,51,36,38,0.4,1.2,0.9,ASTON VILLA_H_League,W 1-0,ASTON VILLA_H_League W 1-0,Cisse 36,40,0.8,5,154.8,3.2,19.4,197.3,0,8,35,8,77.6,0,3618.1,0,998.2,19.2,124.8,1417.9,29.5,177.2,27,0,3,6.68,2,5,15.15341993,333,293,164
26/02/2015,4,242,76,6542,202,56,679,76,362,27,1.1,60,44,42,0.3,1.2,1,ASTON VILLA_H_League,W 1-0,ASTON VILLA_H_League W 1-0,Cisse 36,40,0.8,5,154.8,3.2,19.4,197.3,0,8,35,8,77.6,0,3618.1,0,998.2,19.2,124.8,1417.9,29.5,177.2,27,0,4,6.17,9,6,10.78288843,338,296,170
27/02/2015,4,243,49,3431,62,8,391,49,155,24,1.3,65,47,47,0.4,1.2,1,ASTON VILLA_H_League,W 1-0,ASTON VILLA_H_League W 1-0,Cisse 36,40,0.8,5,154.8,3.2,19.4,197.3,0,8,35,8,77.6,0,3618.1,0,998.2,19.2,124.8,1417.9,29.5,177.2,27,0,5,7.7,9,8,14.10353459,339,294,176
28/02/2015,4,244,35,3618,197,78,0,0,0,29,0,70,55,41,0.5,1.3,1,ASTON VILLA_H_League,W 1-0,ASTON VILLA_H_League W 1-0,Cisse 36,40,0.8,5,154.8,3.2,19.4,197.3,0,8,35,8,77.6,0,3618.1,0,998.2,19.2,124.8,1417.9,29.5,177.2,27,1,6,6.23,7,4,10.90024073,339,294,176
01/03/2015,4,245,0,0,0,0,0,0,0,0,0,70,55,27,0.3,1.3,1,MANCHESTER UNITED_H_League,L 0-1,MANCHESTER UNITED_H_League L 0-1,,82,2.3,6.3,438.9,6.8,16.3,524.4,0,13,65,27,287.4,0,7407.9,0,1685.5,48.2,129.7,3966.5,61,146.9,28,0,0,6.55,2,7,12.5990777,339,294,201
02/03/2015,4,246,74,5589,12,0,647,74,286,22,1.1,69,54,39,0.3,1.3,1,MANCHESTER UNITED_H_League,L 0-1,MANCHESTER UNITED_H_League L 0-1,,82,2.3,6.3,438.9,6.8,16.3,524.4,0,13,65,27,287.4,0,7407.9,0,1685.5,48.2,129.7,3966.5,61,146.9,28,0,1,4.89,5,3,14.61317063,356,317,238
03/03/2015,4,247,42,3140,67,10,383,43,132,25,1.1,64,39,35,0.3,1.3,0.9,MANCHESTER UNITED_H_League,L 0-1,MANCHESTER UNITED_H_League L 0-1,,82,2.3,6.3,438.9,6.8,16.3,524.4,0,13,65,27,287.4,0,7407.9,0,1685.5,48.2,129.7,3966.5,61,146.9,28,0,2,5.66,2,8,13.21052285,300,313,211
04/03/2015,4,248,65,7408,524,287,0,0,0,31,0,74,60,38,0.5,1.7,0.8,MANCHESTER UNITED_H_League,L 0-1,MANCHESTER UNITED_H_League L 0-1,,82,2.3,6.3,438.9,6.8,16.3,524.4,0,13,65,27,287.4,0,7407.9,0,1685.5,48.2,129.7,3966.5,61,146.9,28,1,3,5.48,5,9,15.78992834,300,282,211
05/03/2015,4,249,0,0,0,0,0,0,0,0,0,66,58,35,0.4,1.2,0.6,EVERTON_A_League,L 0-3,EVERTON_A_League L 0-3,,223.6,4.6,7.7,482.3,9.5,16.1,718.5,7.6,29,94,30,415.7,4.4,10549.7,112.2,3940.3,80.4,135.9,4442.5,87.1,148.1,29,0,0,4.44,5,5,11.15773947,203,282,196
06/03/2015,4,250,0,0,0,0,0,0,0,0,0,61,55,37,0.4,0.9,0.6,EVERTON_A_League,L 0-3,EVERTON_A_League L 0-3,,223.6,4.6,7.7,482.3,9.5,16.1,718.5,7.6,29,94,30,415.7,4.4,10549.7,112.2,3940.3,80.4,135.9,4442.5,87.1,148.1,29,0,1,7.72,3,9,11.19618683,147,256,166
07/03/2015,4,251,0,0,0,0,0,0,0,0,0,58,49,26,0.5,0.7,0.4,EVERTON_A_League,L 0-3,EVERTON_A_League L 0-3,,223.6,4.6,7.7,482.3,9.5,16.1,718.5,7.6,29,94,30,415.7,4.4,10549.7,112.2,3940.3,80.4,135.9,4442.5,87.1,148.1,29,0,2,4.98,2,6,14.43156058,147,245,166
08/03/2015,4,252,0,0,0,0,0,0,0,0,0,58,49,18,0.4,0.7,0.4,EVERTON_A_League,L 0-3,EVERTON_A_League L 0-3,,223.6,4.6,7.7,482.3,9.5,16.1,718.5,7.6,29,94,30,415.7,4.4,10549.7,112.2,3940.3,80.4,135.9,4442.5,87.1,148.1,29,0,3,4.57,4,4,14.88025944,147,245,140
09/03/2015,4,253,48,4174,41,0,486,49,200,23,1,58,51,10,0,0.7,0.5,EVERTON_A_League,L 0-3,EVERTON_A_League L 0-3,,223.6,4.6,7.7,482.3,9.5,16.1,718.5,7.6,29,94,30,415.7,4.4,10549.7,112.2,3940.3,80.4,135.9,4442.5,87.1,148.1,29,0,4,5.61,3,7,13.08273585,124,238,134
10/03/2015,4,254,77,6489,92,0,795,78,442,23,1,57,48,26,0.1,0.8,0.5,EVERTON_A_League,L 0-3,EVERTON_A_League L 0-3,,223.6,4.6,7.7,482.3,9.5,16.1,718.5,7.6,29,94,30,415.7,4.4,10549.7,112.2,3940.3,80.4,135.9,4442.5,87.1,148.1,29,0,5,6.22,6,3,14.57854553,183,255,162
11/03/2015,4,255,60,2000,0,0,20,0,100,18,0,60,48,30,0.1,0.7,0.5,EVERTON_A_League,L 0-3,EVERTON_A_League L 0-3,,223.6,4.6,7.7,482.3,9.5,16.1,718.5,7.6,29,94,30,415.7,4.4,10549.7,112.2,3940.3,80.4,135.9,4442.5,87.1,148.1,29,0,6,6.37,2,1,14.44989373,185,255,167
12/03/2015,4,256,0,0,0,0,0,0,0,0,0,51,40,35,0.1,0.7,0.5,EVERTON_A_League,L 0-3,EVERTON_A_League L 0-3,,223.6,4.6,7.7,482.3,9.5,16.1,718.5,7.6,29,94,30,415.7,4.4,10549.7,112.2,3940.3,80.4,135.9,4442.5,87.1,148.1,29,0,7,6.69,7,5,12.64254684,185,255,121
13/03/2015,4,257,79,6853,149,67,707,79,359,28,1.1,56,43,50,0.3,0.9,0.7,EVERTON_A_League,L 0-3,EVERTON_A_League L 0-3,,223.6,4.6,7.7,482.3,9.5,16.1,718.5,7.6,29,94,30,415.7,4.4,10549.7,112.2,3940.3,80.4,135.9,4442.5,87.1,148.1,29,0,8,5.7,7,3,9.626534026,286,281,180
14/03/2015,4,258,39,3293,80,45,324,58,165,27,1.8,55,38,48,0.3,1.2,0.9,EVERTON_A_League,L 0-3,EVERTON_A_League L 0-3,,223.6,4.6,7.7,482.3,9.5,16.1,718.5,7.6,29,94,30,415.7,4.4,10549.7,112.2,3940.3,80.4,135.9,4442.5,87.1,148.1,29,0,9,5.75,8,8,13.94158985,333,292,211
15/03/2015,4,259,94,10550,719,416,0,0,0,32,0,70,67,46,0.6,1.4,0.6,EVERTON_A_League,L 0-3,EVERTON_A_League L 0-3,,223.6,4.6,7.7,482.3,9.5,16.1,718.5,7.6,29,94,30,415.7,4.4,10549.7,112.2,3940.3,80.4,135.9,4442.5,87.1,148.1,29,1,10,6.66,8,6,10.43865491,333,292,211
16/03/2015,4,260,0,0,0,0,0,0,0,0,0,62,66,47,0.6,1.1,0.6,ARSE0L_H_League,L 1-2,ARSE0L_H_League L 1-2,Sissoko 47,287.7,5.5,10.3,324.2,6.8,12.5,638.2,6.6,28,96,26,227.1,2.4,11493,119.7,4297,82.6,153.5,4172,86.9,160.5,30,0,0,6.74,7,5,12.91559086,263,269,174
17/03/2015,4,261,0,0,0,0,0,0,0,0,0,58,64,51,0.6,0.8,0.5,ARSE0L_H_League,L 1-2,ARSE0L_H_League L 1-2,Sissoko 47,287.7,5.5,10.3,324.2,6.8,12.5,638.2,6.6,28,96,26,227.1,2.4,11493,119.7,4297,82.6,153.5,4172,86.9,160.5,30,0,1,6.22,2,8,16.23598803,150,241,148
18/03/2015,4,262,0,0,0,0,0,0,0,0,0,47,43,41,0.7,0.7,0.5,ARSE0L_H_League,L 1-2,ARSE0L_H_League L 1-2,Sissoko 47,287.7,5.5,10.3,324.2,6.8,12.5,638.2,6.6,28,96,26,227.1,2.4,11493,119.7,4297,82.6,153.5,4172,86.9,160.5,30,0,2,5.65,5,4,11.88273358,147,241,142
19/03/2015,4,263,80,5764,85,14,654,81,278,26,1.2,55,46,42,0.7,0.9,0.6,ARSE0L_H_League,L 1-2,ARSE0L_H_League L 1-2,Sissoko 47,287.7,5.5,10.3,324.2,6.8,12.5,638.2,6.6,28,96,26,227.1,2.4,11493,119.7,4297,82.6,153.5,4172,86.9,160.5,30,0,3,6.51,9,9,13.18495373,240,241,200
20/03/2015,4,264,51,3232,50,10,266,52,150,24,1.9,60,48,21,0.1,0.8,0.5,ARSE0L_H_League,L 1-2,ARSE0L_H_League L 1-2,Sissoko 47,287.7,5.5,10.3,324.2,6.8,12.5,638.2,6.6,28,96,26,227.1,2.4,11493,119.7,4297,82.6,153.5,4172,86.9,160.5,30,0,4,6.15,8,4,9.925395731,177,237,173
21/03/2015,4,265,96,11493,638,227,0,0,0,31,0,76,74,38,0.4,0.9,0.7,ARSE0L_H_League,L 1-2,ARSE0L_H_League L 1-2,Sissoko 47,287.7,5.5,10.3,324.2,6.8,12.5,638.2,6.6,28,96,26,227.1,2.4,11493,119.7,4297,82.6,153.5,4172,86.9,160.5,30,1,5,5.46,8,4,11.93533808,131,237,143
22/03/2015,4,266,0,0,0,0,0,0,0,0,0,76,74,38,0.4,0.7,0.5,SUNDERLAND_A_League,L 0-1,SUNDERLAND_A_League L 0-1,,263.5,5.2,12,390,8,17,664.5,6.9,22,96,23,286.7,3,10260.7,106.9,3201.2,62.8,145.5,3615.1,73.8,157.2,31,0,0,8.01,5,3,14.84349834,131,237,143
23/03/2015,4,267,0,0,0,0,0,0,0,0,0,70,72,41,0.4,0.7,0.5,SUNDERLAND_A_League,L 0-1,SUNDERLAND_A_League L 0-1,,263.5,5.2,12,390,8,17,664.5,6.9,22,96,23,286.7,3,10260.7,106.9,3201.2,62.8,145.5,3615.1,73.8,157.2,31,0,1,4.41,8,4,13.49664148,131,219,137
24/03/2015,4,268,63,5588,60,0,613,64,321,23,1,69,71,42,0.4,0.9,0.5,SUNDERLAND_A_League,L 0-1,SUNDERLAND_A_League L 0-1,,263.5,5.2,12,390,8,17,664.5,6.9,22,96,23,286.7,3,10260.7,106.9,3201.2,62.8,145.5,3615.1,73.8,157.2,31,0,2,6,3,4,11.65879576,219,213,153
25/03/2015,4,269,0,0,0,0,0,0,0,0,0,66,71,37,0.4,0.9,0.5,SUNDERLAND_A_League,L 0-1,SUNDERLAND_A_League L 0-1,,263.5,5.2,12,390,8,17,664.5,6.9,22,96,23,286.7,3,10260.7,106.9,3201.2,62.8,145.5,3615.1,73.8,157.2,31,0,3,5.26,3,4,15.59752365,219,213,153
26/03/2015,4,270,69,5354,34,10,624,70,297,25,1.1,74,72,21,0.1,0.9,0.5,SUNDERLAND_A_League,L 0-1,SUNDERLAND_A_League L 0-1,,263.5,5.2,12,390,8,17,664.5,6.9,22,96,23,286.7,3,10260.7,106.9,3201.2,62.8,145.5,3615.1,73.8,157.2,31,0,4,5.18,5,7,13.67121489,214,211,142
27/03/2015,4,271,72,7681,372,213,771,72,373,29,0.9,75,81,35,0.2,1,0.6,SUNDERLAND_A_League,L 0-1,SUNDERLAND_A_League L 0-1,,263.5,5.2,12,390,8,17,664.5,6.9,22,96,23,286.7,3,10260.7,106.9,3201.2,62.8,145.5,3615.1,73.8,157.2,31,0,5,4.48,7,5,12.261127,286,224,167
28/03/2015,4,272,0,0,0,0,0,0,0,0,0,70,78,37,0.2,0.8,0.5,SUNDERLAND_A_League,L 0-1,SUNDERLAND_A_League L 0-1,,263.5,5.2,12,390,8,17,664.5,6.9,22,96,23,286.7,3,10260.7,106.9,3201.2,62.8,145.5,3615.1,73.8,157.2,31,0,6,5.98,2,4,11.92753879,286,224,167
29/03/2015,4,273,0,0,0,0,0,0,0,0,0,55,49,33,0.3,0.8,0.5,SUNDERLAND_A_League,L 0-1,SUNDERLAND_A_League L 0-1,,263.5,5.2,12,390,8,17,664.5,6.9,22,96,23,286.7,3,10260.7,106.9,3201.2,62.8,145.5,3615.1,73.8,157.2,31,0,7,5.72,8,7,15.19134185,286,224,167
30/03/2015,4,274,56,5166,61,8,538,57,284,25,1.1,63,52,41,0.4,1,0.6,SUNDERLAND_A_League,L 0-1,SUNDERLAND_A_League L 0-1,,263.5,5.2,12,390,8,17,664.5,6.9,22,96,23,286.7,3,10260.7,106.9,3201.2,62.8,145.5,3615.1,73.8,157.2,31,0,8,7.08,3,9,16.49035782,363,220,201
31/03/2015,4,275,70,5962,67,9,667,70,340,25,1.1,71,54,37,0.4,1,0.6,SUNDERLAND_A_League,L 0-1,SUNDERLAND_A_League L 0-1,,263.5,5.2,12,390,8,17,664.5,6.9,22,96,23,286.7,3,10260.7,106.9,3201.2,62.8,145.5,3615.1,73.8,157.2,31,0,9,4.27,6,5,9.705074389,371,230,198
01/04/2015,4,276,77,6660,249,66,725,77,387,26,1.1,80,64,31,0.2,1.4,0.8,SUNDERLAND_A_League,L 0-1,SUNDERLAND_A_League L 0-1,,263.5,5.2,12,390,8,17,664.5,6.9,22,96,23,286.7,3,10260.7,106.9,3201.2,62.8,145.5,3615.1,73.8,157.2,31,0,10,7.39,2,7,12.32272581,475,256,258
02/04/2015,4,277,0,0,0,0,0,0,0,0,0,72,61,35,0.2,1,0.7,SUNDERLAND_A_League,L 0-1,SUNDERLAND_A_League L 0-1,,263.5,5.2,12,390,8,17,664.5,6.9,22,96,23,286.7,3,10260.7,106.9,3201.2,62.8,145.5,3615.1,73.8,157.2,31,0,11,8.92,7,3,11.24541344,385,256,210
03/04/2015,4,278,72,4668,115,69,627,73,197,29,1.2,74,63,43,0.3,1,0.8,SUNDERLAND_A_League,L 0-1,SUNDERLAND_A_League L 0-1,,263.5,5.2,12,390,8,17,664.5,6.9,22,96,23,286.7,3,10260.7,106.9,3201.2,62.8,145.5,3615.1,73.8,157.2,31,0,12,6.59,3,1,18.14644663,365,279,203
04/04/2015,4,279,58,3638,43,0,424,58,173,24,1.4,63,40,47,0.5,1.4,0.9,SUNDERLAND_A_League,L 0-1,SUNDERLAND_A_League L 0-1,,263.5,5.2,12,390,8,17,664.5,6.9,22,96,23,286.7,3,10260.7,106.9,3201.2,62.8,145.5,3615.1,73.8,157.2,31,0,13,7.65,7,1,10.83823165,425,294,238
05/04/2015,4,280,96,10261,665,287,0,0,0,31,0,78,66,46,0.6,1.7,0.7,SUNDERLAND_A_League,L 0-1,SUNDERLAND_A_League L 0-1,,263.5,5.2,12,390,8,17,664.5,6.9,22,96,23,286.7,3,10260.7,106.9,3201.2,62.8,145.5,3615.1,73.8,157.2,31,1,14,5.75,1,4,11.43882328,425,294,238
06/04/2015,4,281,0,0,0,0,0,0,0,0,0,78,66,34,0.5,1.2,0.7,LIVERPOOL_A_League,L 0-2,LIVERPOOL_A_League L 0-2,,156.2,3.8,7.1,422.8,7.2,13.6,597.1,6.4,22,94,31,286.2,3,10846.3,115.4,3193.2,77.9,145.1,4727.6,80.1,152.5,32,0,0,5.57,2,1,14.23959651,349,276,211
07/04/2015,4,282,0,0,0,0,0,0,0,0,0,70,64,38,0.5,0.9,0.6,LIVERPOOL_A_League,L 0-2,LIVERPOOL_A_League L 0-2,,156.2,3.8,7.1,422.8,7.2,13.6,597.1,6.4,22,94,31,286.2,3,10846.3,115.4,3193.2,77.9,145.1,4727.6,80.1,152.5,32,0,1,4.2,7,7,11.8438124,253,248,162
08/04/2015,4,283,80,6876,46,0,735,81,283,23,1.1,80,66,37,0.5,0.9,0.5,LIVERPOOL_A_League,L 0-2,LIVERPOOL_A_League L 0-2,,156.2,3.8,7.1,422.8,7.2,13.6,597.1,6.4,22,94,31,286.2,3,10846.3,115.4,3193.2,77.9,145.1,4727.6,80.1,152.5,32,0,2,4.33,3,1,11.01666274,255,274,169
09/04/2015,4,284,94,8293,209,60,906,0,366,27,0,84,73,43,0.5,1.2,0.6,LIVERPOOL_A_League,L 0-2,LIVERPOOL_A_League L 0-2,,156.2,3.8,7.1,422.8,7.2,13.6,597.1,6.4,22,94,31,286.2,3,10846.3,115.4,3193.2,77.9,145.1,4727.6,80.1,152.5,32,0,3,6.08,9,8,10.23373213,384,306,255
10/04/2015,4,285,0,0,0,0,0,0,0,0,0,73,58,29,0.2,1,0.6,LIVERPOOL_A_League,L 0-2,LIVERPOOL_A_League L 0-2,,156.2,3.8,7.1,422.8,7.2,13.6,597.1,6.4,22,94,31,286.2,3,10846.3,115.4,3193.2,77.9,145.1,4727.6,80.1,152.5,32,0,4,7.5,1,8,11.284664,295,281,200
11/04/2015,4,286,80,6454,54,11,713,81,319,25,1.1,82,60,37,0.2,1,0.6,LIVERPOOL_A_League,L 0-2,LIVERPOOL_A_League L 0-2,,156.2,3.8,7.1,422.8,7.2,13.6,597.1,6.4,22,94,31,286.2,3,10846.3,115.4,3193.2,77.9,145.1,4727.6,80.1,152.5,32,0,5,4.8,1,8,19.43337911,336,295,224
12/04/2015,4,287,49,4027,51,14,442,50,172,26,1.1,88,62,41,0.2,1,0.7,LIVERPOOL_A_League,L 0-2,LIVERPOOL_A_League L 0-2,,156.2,3.8,7.1,422.8,7.2,13.6,597.1,6.4,22,94,31,286.2,3,10846.3,115.4,3193.2,77.9,145.1,4727.6,80.1,152.5,32,0,6,4.81,7,5,16.9147714,399,310,263
13/04/2015,4,288,94,10846,597,286,0,0,0,30,0,96,83,44,0.4,1.3,0.6,LIVERPOOL_A_League,L 0-2,LIVERPOOL_A_League L 0-2,,156.2,3.8,7.1,422.8,7.2,13.6,597.1,6.4,22,94,31,286.2,3,10846.3,115.4,3193.2,77.9,145.1,4727.6,80.1,152.5,32,1,7,6.76,8,7,13.64543177,399,310,249
14/04/2015,4,289,0,0,0,0,0,0,0,0,0,87,81,35,0.3,1.3,0.6,TOTTENHAM HOTSPUR_H_League,L 1-3,TOTTENHAM HOTSPUR_H_League L 1-3,Colback 45,15.4,0.4,0.7,575.8,9.6,18,631.9,6.8,22,93,32,257.4,2.8,12087.5,130,3270.2,81.8,148.6,5707.8,95.1,178.4,33,0,0,7.03,8,8,12.38462368,399,310,264
15/04/2015,4,290,61,4780,35,0,529,62,240,23,1.2,85,72,44,0.4,1.2,0.6,TOTTENHAM HOTSPUR_H_League,L 1-3,TOTTENHAM HOTSPUR_H_League L 1-3,Colback 45,15.4,0.4,0.7,575.8,9.6,18,631.9,6.8,22,93,32,257.4,2.8,12087.5,130,3270.2,81.8,148.6,5707.8,95.1,178.4,33,0,1,4.57,8,3,12.4328327,370,329,234
16/04/2015,4,291,0,0,0,0,0,0,0,0,0,85,72,33,0.4,0.9,0.5,TOTTENHAM HOTSPUR_H_League,L 1-3,TOTTENHAM HOTSPUR_H_League L 1-3,Colback 45,15.4,0.4,0.7,575.8,9.6,18,631.9,6.8,22,93,32,257.4,2.8,12087.5,130,3270.2,81.8,148.6,5707.8,95.1,178.4,33,0,2,7.53,1,1,19.9248987,240,306,149
17/04/2015,4,292,86,7146,0,0,782,87,290,21,1.1,88,68,37,0.4,1.2,0.5,TOTTENHAM HOTSPUR_H_League,L 1-3,TOTTENHAM HOTSPUR_H_League L 1-3,Colback 45,15.4,0.4,0.7,575.8,9.6,18,631.9,6.8,22,93,32,257.4,2.8,12087.5,130,3270.2,81.8,148.6,5707.8,95.1,178.4,33,0,3,6.76,3,4,19.55024737,352,324,217
18/04/2015,4,293,0,0,0,0,0,0,0,0,0,83,66,20,0,0.9,0.4,TOTTENHAM HOTSPUR_H_League,L 1-3,TOTTENHAM HOTSPUR_H_League L 1-3,Colback 45,15.4,0.4,0.7,575.8,9.6,18,631.9,6.8,22,93,32,257.4,2.8,12087.5,130,3270.2,81.8,148.6,5707.8,95.1,178.4,33,0,4,5.9,1,9,13.66965951,250,324,158
19/04/2015,4,294,0,0,0,0,0,0,0,0,0,68,39,25,0,0.7,0.4,TOTTENHAM HOTSPUR_H_League,L 1-3,TOTTENHAM HOTSPUR_H_League L 1-3,Colback 45,15.4,0.4,0.7,575.8,9.6,18,631.9,6.8,22,93,32,257.4,2.8,12087.5,130,3270.2,81.8,148.6,5707.8,95.1,178.4,33,1,5,5.02,7,7,12.20558465,187,324,120
20/04/2015,4,295,0,0,0,0,0,0,0,0,0,68,39,15,0,0.6,0.4,0,0,0,0,0,0,0,0,0,0,0,0,0,0,0,0,0,0,0,0,0,0,0,0,0,34,0,0,4.5,6,7,10.87085797,187,324,120
21/04/2015,4,296,0,0,0,0,0,0,0,0,0,68,39,15,0,0.6,0.4,0,0,0,0,0,0,0,0,0,0,0,0,0,0,0,0,0,0,0,0,0,0,0,0,0,34,0,1,6.69,2,1,13.66969839,187,302,104
22/04/2015,4,297,0,0,0,0,0,0,0,0,0,59,38,0,0,0.4,0,0,0,0,0,0,0,0,0,0,0,0,0,0,0,0,0,0,0,0,0,0,0,0,0,0,34,0,2,4.79,4,7,10.98018435,111,302,67
23/04/2015,4,298,0,0,0,0,0,0,0,0,0,47,29,0,0,0.4,0,0,0,0,0,0,0,0,0,0,0,0,0,0,0,0,0,0,0,0,0,0,0,0,0,0,34,0,3,6.21,6,6,14.98908474,111,280,67
24/04/2015,4,299,0,0,0,0,0,0,0,0,0,47,29,0,0,0,0,0,0,0,0,0,0,0,0,0,0,0,0,0,0,0,0,0,0,0,0,0,0,0,0,0,34,0,4,5.91,1,2,15.38611698,0,253,0
25/04/2015,4,300,0,0,0,0,0,0,0,0,0,38,27,0,0,0,0,0,0,0,0,0,0,0,0,0,0,0,0,0,0,0,0,0,0,0,0,0,0,0,0,0,34,0,5,6.16,1,7,13.98060792,0,253,0
26/04/2015,4,301,0,0,0,0,0,0,0,0,0,32,25,0,0,0,0,0,0,0,0,0,0,0,0,0,0,0,0,0,0,0,0,0,0,0,0,0,0,0,0,0,34,0,6,5.55,4,2,9.465758222,0,253,0
27/04/2015,4,302,0,0,0,0,0,0,0,0,0,17,1,0,0,0,0,0,0,0,0,0,0,0,0,0,0,0,0,0,0,0,0,0,0,0,0,0,0,0,0,0,34,0,7,4.38,5,7,11.3494374,0,233,23
28/04/2015,4,303,81,6587,40,4,672,81,367,24,1.2,26,3,36,0.5,0.4,0.4,0,0,0,0,0,0,0,0,0,0,0,0,0,0,0,0,0,0,0,0,0,0,0,0,0,34,0,8,6.01,3,7,14.71426008,96,234,91
29/04/2015,4,304,0,0,0,0,0,0,0,0,0,19,2,48,1,0.4,0.4,0,0,0,0,0,0,0,0,0,0,0,0,0,0,0,0,0,0,0,0,0,0,0,0,0,34,0,9,4.9,1,5,13.56990999,96,208,91
30/04/2015,4,305,77,6261,41,0,682,78,302,24,1.1,28,3,64,1,0.6,0.6,0,0,0,0,0,0,0,0,0,0,0,0,0,0,0,0,0,0,0,0,0,0,0,0,0,34,0,10,5.49,8,4,11.35877916,193,232,148
01/05/2015,4,306,0,0,0,0,0,0,0,0,0,18,3,100,1,0.6,0.6,0,0,0,0,0,0,0,0,0,0,0,0,0,0,0,0,0,0,0,0,0,0,0,0,0,34,0,11,6.29,1,3,18.86571401,193,210,156
02/05/2015,4,307,0,0,0,0,0,0,0,0,0,18,3,100,1,0.6,0.6,0,0,0,0,0,0,0,0,0,0,0,0,0,0,0,0,0,0,0,0,0,0,0,0,0,34,0,12,5.71,7,7,11.07954377,193,195,156
03/05/2015,4,308,0,0,0,0,0,0,0,0,0,18,3,49,0.5,0.6,0.6,0,0,0,0,0,0,0,0,0,0,0,0,0,0,0,0,0,0,0,0,0,0,0,0,0,34,0,13,8.3,7,3,9.724790363,193,195,156
04/05/2015,4,309,0,0,0,0,0,0,0,0,0,18,3,49,0.5,0.6,0.6,0,0,0,0,0,0,0,0,0,0,0,0,0,0,0,0,0,0,0,0,0,0,0,0,0,34,0,14,6.7,9,3,8.660424999,193,195,143
05/05/2015,4,310,105,7022,135,39,752,105,338,27,1.4,28,9,35,0.6,0.6,0.5,0,0,0,0,0,0,0,0,0,0,0,0,0,0,0,0,0,0,0,0,0,0,0,0,0,34,0,15,7.1,7,7,15.68366308,204,221,136
06/05/2015,4,311,0,0,0,0,0,0,0,0,0,28,9,35,0.6,0.6,0.5,0,0,0,0,0,0,0,0,0,0,0,0,0,0,0,0,0,0,0,0,0,0,0,0,0,34,0,16,6.56,9,2,9.373103056,204,195,139
07/05/2015,4,312,87,5037,64,33,558,88,237,26,1.6,35,11,48,0.7,0.6,0.5,0,0,0,0,0,0,0,0,0,0,0,0,0,0,0,0,0,0,0,0,0,0,0,0,0,34,0,17,4.68,2,8,17.93795347,187,183,133
08/05/2015,4,313,0,0,0,0,0,0,0,0,0,35,11,48,0.7,0.6,0.5,0,0,0,0,0,0,0,0,0,0,0,0,0,0,0,0,0,0,0,0,0,0,0,0,0,34,0,18,5.87,6,5,7.307007859,187,183,125
09/05/2015,4,314,0,0,0,0,0,0,0,0,0,35,11,48,0.7,0.6,0.5,0,0,0,0,0,0,0,0,0,0,0,0,0,0,0,0,0,0,0,0,0,0,0,0,0,34,0,19,6.36,4,3,13.51612661,187,157,125
10/05/2015,4,315,0,0,0,0,0,0,0,0,0,35,11,20,0.2,0.6,0.5,0,0,0,0,0,0,0,0,0,0,0,0,0,0,0,0,0,0,0,0,0,0,0,0,0,34,0,20,5.03,2,5,14.40451015,187,141,125
11/05/2015,4,316,0,0,0,0,0,0,0,0,0,35,11,20,0.2,0.6,0.5,0,0,0,0,0,0,0,0,0,0,0,0,0,0,0,0,0,0,0,0,0,0,0,0,0,34,0,21,5.98,8,6,8.000247009,187,141,120
12/05/2015,4,317,0,0,0,0,0,0,0,0,0,26,10,0,0,0.4,0.4,0,0,0,0,0,0,0,0,0,0,0,0,0,0,0,0,0,0,0,0,0,0,0,0,0,34,0,22,6.31,8,5,10.13317825,79,141,63
13/05/2015,4,318,0,0,0,0,0,0,0,0,0,26,10,0,0,0.4,0.4,0,0,0,0,0,0,0,0,0,0,0,0,0,0,0,0,0,0,0,0,0,0,0,0,0,34,0,23,6.71,6,7,12.48805376,79,123,60
14/05/2015,4,319,0,0,0,0,0,0,0,0,0,17,8,0,0,0,0,0,0,0,0,0,0,0,0,0,0,0,0,0,0,0,0,0,0,0,0,0,0,0,0,0,34,0,24,5.31,2,2,10.89017929,0,123,8
15/05/2015,4,320,0,0,0,0,0,0,0,0,0,17,8,0,0,0,0,0,0,0,0,0,0,0,0,0,0,0,0,0,0,0,0,0,0,0,0,0,0,0,0,0,34,0,25,5.81,6,2,12.06371639,0,95,8
16/05/2015,4,321,0,0,0,0,0,0,0,0,0,17,8,0,0,0,0,0,0,0,0,0,0,0,0,0,0,0,0,0,0,0,0,0,0,0,0,0,0,0,0,0,34,0,26,5.62,5,1,15.61869927,0,95,8
17/05/2015,4,322,0,0,0,0,0,0,0,0,0,17,8,0,0,0,0,0,0,0,0,0,0,0,0,0,0,0,0,0,0,0,0,0,0,0,0,0,0,0,0,0,34,0,27,6.77,3,9,13.73501487,0,95,8
18/05/2015,4,323,0,0,0,0,0,0,0,0,0,17,8,0,0,0,0,0,0,0,0,0,0,0,0,0,0,0,0,0,0,0,0,0,0,0,0,0,0,0,0,0,34,0,28,3.13,7,4,15.28710794,0,95,4
19/05/2015,4,324,0,0,0,0,0,0,0,0,0,7,3,0,0,0,0,0,0,0,0,0,0,0,0,0,0,0,0,0,0,0,0,0,0,0,0,0,0,0,0,0,34,0,29,5.89,8,8,13.55064275,0,95,0
20/05/2015,4,325,0,0,0,0,0,0,0,0,0,7,3,0,0,0,0,0,0,0,0,0,0,0,0,0,0,0,0,0,0,0,0,0,0,0,0,0,0,0,0,0,34,0,30,6.25,9,9,9.961985825,0,95,0
21/05/2015,4,326,0,0,0,0,0,0,0,0,0,0,0,0,0,0,0,0,0,0,0,0,0,0,0,0,0,0,0,0,0,0,0,0,0,0,0,0,0,0,0,0,34,0,31,6.79,3,2,14.92197911,0,95,0
22/05/2015,4,327,0,0,0,0,0,0,0,0,0,0,0,0,0,0,0,0,0,0,0,0,0,0,0,0,0,0,0,0,0,0,0,0,0,0,0,0,0,0,0,0,34,0,32,6.4,9,5,15.72791047,0,95,0
23/05/2015,4,328,0,0,0,0,0,0,0,0,0,0,0,0,0,0,0,0,0,0,0,0,0,0,0,0,0,0,0,0,0,0,0,0,0,0,0,0,0,0,0,0,34,0,33,6.15,3,2,12.36370619,0,95,0
24/05/2015,4,329,0,0,0,0,0,0,0,0,0,0,0,0,0,0,0,0,0,0,0,0,0,0,0,0,0,0,0,0,0,0,0,0,0,0,0,0,0,0,0,0,34,0,34,6.12,4,2,12.95303074,0,95,0
25/05/2015,4,330,0,0,0,0,0,0,0,0,0,0,0,0,0,0,0,0,0,0,0,0,0,0,0,0,0,0,0,0,0,0,0,0,0,0,0,0,0,0,0,0,34,0,35,5.85,8,2,14.49404066,0,95,0
26/05/2015,4,331,0,0,0,0,0,0,0,0,0,0,0,0,0,0,0,0,0,0,0,0,0,0,0,0,0,0,0,0,0,0,0,0,0,0,0,0,0,0,0,0,34,0,36,3.82,5,9,15.29480462,0,71,0
27/05/2015,4,332,0,0,0,0,0,0,0,0,0,0,0,0,0,0,0,0,0,0,0,0,0,0,0,0,0,0,0,0,0,0,0,0,0,0,0,0,0,0,0,0,34,0,37,7.73,8,8,10.63313926,0,71,0
28/05/2015,4,333,0,0,0,0,0,0,0,0,0,0,0,0,0,0,0,0,0,0,0,0,0,0,0,0,0,0,0,0,0,0,0,0,0,0,0,0,0,0,0,0,34,0,38,6.13,5,5,13.96395106,0,46,0
29/05/2015,4,334,0,0,0,0,0,0,0,0,0,0,0,0,0,0,0,0,0,0,0,0,0,0,0,0,0,0,0,0,0,0,0,0,0,0,0,0,0,0,0,0,34,0,39,6.18,9,4,11.10939949,0,46,0
30/05/2015,4,335,0,0,0,0,0,0,0,0,0,0,0,0,0,0,0,0,0,0,0,0,0,0,0,0,0,0,0,0,0,0,0,0,0,0,0,0,0,0,0,0,34,0,40,7.48,3,8,12.35295106,0,46,0
31/05/2015,4,336,0,0,0,0,0,0,0,0,0,0,0,0,0,0,0,0,0,0,0,0,0,0,0,0,0,0,0,0,0,0,0,0,0,0,0,0,0,0,0,0,34,0,41,6.58,3,5,16.81320482,0,46,0
